[ {"comment_id": 0, "entity_id": "dt10016702", "mention": "教父2", "pos_b": 6, "pos_e": 9} ,
{"comment_id": 0, "entity_id": "dt10016702", "mention": "2", "pos_b": 17, "pos_e": 18} ,
{"comment_id": 1, "entity_id": "dt10105844", "mention": "白夜行", "pos_b": 41, "pos_e": 44} ,
{"comment_id": 2, "entity_id": "dt10093958|dt10018515", "mention": "钢铁侠", "pos_b": 0, "pos_e": 3} ,
{"comment_id": 2, "entity_id": "dt10003022", "mention": "驯龙高手", "pos_b": 14, "pos_e": 18} ,
{"comment_id": 2, "entity_id": "dt10003022", "mention": "驯龙高手", "pos_b": 31, "pos_e": 35} ,
{"comment_id": 2, "entity_id": "dt10003022", "mention": "驯龙", "pos_b": 36, "pos_e": 38} ,
{"comment_id": 3, "entity_id": "dn10032893", "mention": "Abel\tFerrara", "pos_b": 0, "pos_e": 12} ,
{"comment_id": 3, "entity_id": "dn10032893", "mention": "Ferrara", "pos_b": 27, "pos_e": 34} ,
{"comment_id": 4, "entity_id": "dn10031788", "mention": "斯嘉丽", "pos_b": 88, "pos_e": 91} ,
{"comment_id": 4, "entity_id": "dn10046007", "mention": "绫濑遥", "pos_b": 124, "pos_e": 127} ,
{"comment_id": 4, "entity_id": "dt10016480", "mention": "萤之光", "pos_b": 128, "pos_e": 131} ,
{"comment_id": 6, "entity_id": "dt10066681", "mention": "国土安全", "pos_b": 62, "pos_e": 66} ,
{"comment_id": 7, "entity_id": "dt10068859", "mention": "哈利波特", "pos_b": 18, "pos_e": 22} ,
{"comment_id": 8, "entity_id": "dn10025840", "mention": "仔仔", "pos_b": 7, "pos_e": 9} ,
{"comment_id": 9, "entity_id": "dt10079835", "mention": "倩女幽魂", "pos_b": 2, "pos_e": 6} ,
{"comment_id": 9, "entity_id": "dn10057694", "mention": "张国荣", "pos_b": 18, "pos_e": 21} ,
{"comment_id": 11, "entity_id": "dn10035534", "mention": "Omar\tSy", "pos_b": 202, "pos_e": 209} ,
{"comment_id": 11, "entity_id": "dn10015100", "mention": "Jean\tdu\tJardin", "pos_b": 211, "pos_e": 225} ,
{"comment_id": 12, "entity_id": "dn10047571", "mention": "金庸", "pos_b": 50, "pos_e": 52} ,
{"comment_id": 12, "entity_id": "dn10047571", "mention": "金庸", "pos_b": 68, "pos_e": 70} ,
{"comment_id": 12, "entity_id": "dn10047571", "mention": "金庸", "pos_b": 115, "pos_e": 117} ,
{"comment_id": 12, "entity_id": "dn10047571", "mention": "金庸", "pos_b": 215, "pos_e": 217} ,
{"comment_id": 12, "entity_id": "dn10047571", "mention": "金庸", "pos_b": 292, "pos_e": 294} ,
{"comment_id": 12, "entity_id": "dt10010694|dt10036937", "mention": "笑傲江湖", "pos_b": 320, "pos_e": 324} ,
{"comment_id": 14, "entity_id": "dn10020428", "mention": "尔冬升", "pos_b": 34, "pos_e": 37} ,
{"comment_id": 14, "entity_id": "dn10010362", "mention": "李连杰", "pos_b": 58, "pos_e": 61} ,
{"comment_id": 14, "entity_id": "dt10007630", "mention": "倚天", "pos_b": 62, "pos_e": 64} ,
{"comment_id": 14, "entity_id": "dn10047571", "mention": "金庸", "pos_b": 126, "pos_e": 128} ,
{"comment_id": 14, "entity_id": "dn10010362", "mention": "李连杰", "pos_b": 188, "pos_e": 191} ,
{"comment_id": 15, "entity_id": "dt10043525", "mention": "蝴蝶效应", "pos_b": 0, "pos_e": 4} ,
{"comment_id": 16, "entity_id": "dt10024328", "mention": "搜索", "pos_b": 32, "pos_e": 34} ,
{"comment_id": 17, "entity_id": "dt10107915", "mention": "嫌疑犯X的献身", "pos_b": 5, "pos_e": 12} ,
{"comment_id": 17, "entity_id": "dt10107582", "mention": "白夜行", "pos_b": 23, "pos_e": 26} ,
{"comment_id": 17, "entity_id": "dt10107582", "mention": "白夜行", "pos_b": 37, "pos_e": 40} ,
{"comment_id": 17, "entity_id": "dt10107915", "mention": "嫌疑犯X献身", "pos_b": 54, "pos_e": 60} ,
{"comment_id": 18, "entity_id": "dt101137823D版", "mention": "泰坦尼克号", "pos_b": 14, "pos_e": 19} ,
{"comment_id": 18, "entity_id": "dt10032719", "mention": "唐山大地震", "pos_b": 84, "pos_e": 89} ,
{"comment_id": 19, "entity_id": "dn10040130|dn10041395", "mention": "刘晔", "pos_b": 9, "pos_e": 11} ,
{"comment_id": 19, "entity_id": "dn10019169", "mention": "谢娜", "pos_b": 36, "pos_e": 38} ,
{"comment_id": 19, "entity_id": "dn10040130|dn10041395", "mention": "刘晔", "pos_b": 48, "pos_e": 50} ,
{"comment_id": 19, "entity_id": "dn10040130|dn10041395", "mention": "刘烨", "pos_b": 67, "pos_e": 69} ,
{"comment_id": 19, "entity_id": "dn10004593", "mention": "关之琳", "pos_b": 83, "pos_e": 86} ,
{"comment_id": 19, "entity_id": "dt10069685|dt10064473", "mention": "东成西就", "pos_b": 148, "pos_e": 152} ,
{"comment_id": 19, "entity_id": "dn10040130|dn10041395", "mention": "刘烨", "pos_b": 194, "pos_e": 196} ,
{"comment_id": 19, "entity_id": "dn10019169", "mention": "谢娜", "pos_b": 197, "pos_e": 199} ,
{"comment_id": 19, "entity_id": "dn10013807", "mention": "甄子丹", "pos_b": 200, "pos_e": 203} ,
{"comment_id": 19, "entity_id": "dn10033455", "mention": "万绮雯", "pos_b": 204, "pos_e": 207} ,
{"comment_id": 19, "entity_id": "dn10029380", "mention": "齐秦", "pos_b": 208, "pos_e": 210} ,
{"comment_id": 19, "entity_id": "dn10063246", "mention": "王祖贤", "pos_b": 211, "pos_e": 214} ,
{"comment_id": 19, "entity_id": "dn10056189", "mention": "周迅", "pos_b": 218, "pos_e": 220} ,
{"comment_id": 20, "entity_id": "dt10101739", "mention": "眼前的生活", "pos_b": 341, "pos_e": 346} ,
{"comment_id": 21, "entity_id": "dn10040060", "mention": "卡梅隆", "pos_b": 163, "pos_e": 166} ,
{"comment_id": 21, "entity_id": "dt10091604", "mention": "泰坦尼克号", "pos_b": 171, "pos_e": 176} ,
{"comment_id": 23, "entity_id": "dt10051985", "mention": "加勒比海盗4", "pos_b": 10, "pos_e": 16} ,
{"comment_id": 25, "entity_id": "dn10029905", "mention": "约翰屈伏塔", "pos_b": 0, "pos_e": 5} ,
{"comment_id": 25, "entity_id": "dn10015642", "mention": "乌玛瑟曼", "pos_b": 16, "pos_e": 20} ,
{"comment_id": 25, "entity_id": "dn10035642", "mention": "布鲁斯威利斯", "pos_b": 30, "pos_e": 36} ,
{"comment_id": 25, "entity_id": "dt10015108", "mention": "荒野三镖客", "pos_b": 43, "pos_e": 48} ,
{"comment_id": 26, "entity_id": "dn10039034", "mention": "劳伦斯", "pos_b": 14, "pos_e": 17} ,
{"comment_id": 26, "entity_id": "dt10024748|dt10114572|dt10022008|dt10110842|dt10025307", "mention": "傲慢与偏见", "pos_b": 64, "pos_e": 69} ,
{"comment_id": 28, "entity_id": "dn10045314", "mention": "大s", "pos_b": 2, "pos_e": 4} ,
{"comment_id": 28, "entity_id": "dt10102558", "mention": "倩女幽魂", "pos_b": 5, "pos_e": 9} ,
{"comment_id": 28, "entity_id": "dn10045314", "mention": "大s", "pos_b": 53, "pos_e": 55} ,
{"comment_id": 29, "entity_id": "dn10039633", "mention": "黄导演", "pos_b": 128, "pos_e": 131} ,
{"comment_id": 29, "entity_id": "dn10047571", "mention": "金庸", "pos_b": 155, "pos_e": 157} ,
{"comment_id": 29, "entity_id": "dn10039633", "mention": "黄导", "pos_b": 169, "pos_e": 171} ,
{"comment_id": 29, "entity_id": "dt10112578", "mention": "龙年警官", "pos_b": 174, "pos_e": 178} ,
{"comment_id": 30, "entity_id": "dt10022008", "mention": "傲慢与偏见", "pos_b": 19, "pos_e": 24} ,
{"comment_id": 30, "entity_id": "dn10015780", "mention": "科林·费斯", "pos_b": 46, "pos_e": 51} ,
{"comment_id": 31, "entity_id": "dn10006449", "mention": "高修", "pos_b": 0, "pos_e": 2} ,
{"comment_id": 35, "entity_id": "dt10064473", "mention": "东成西就", "pos_b": 0, "pos_e": 4} ,
{"comment_id": 36, "entity_id": "dt10023078", "mention": "霍比特人", "pos_b": 27, "pos_e": 31} ,
{"comment_id": 37, "entity_id": "dt10104414", "mention": "甜言蜜语", "pos_b": 19, "pos_e": 23} ,
{"comment_id": 37, "entity_id": "dt10068459", "mention": "爱情观自在", "pos_b": 29, "pos_e": 34} ,
{"comment_id": 37, "entity_id": "dt10065040", "mention": "天有眼", "pos_b": 38, "pos_e": 41} ,
{"comment_id": 37, "entity_id": "dt10015472", "mention": "沙甸鱼杀人事件", "pos_b": 70, "pos_e": 77} ,
{"comment_id": 37, "entity_id": "dt10002230", "mention": "兄弟", "pos_b": 92, "pos_e": 94} ,
{"comment_id": 37, "entity_id": "dn10013252", "mention": "杜琪峰", "pos_b": 115, "pos_e": 118} ,
{"comment_id": 37, "entity_id": "dn10048466", "mention": "赵崇基", "pos_b": 128, "pos_e": 131} ,
{"comment_id": 38, "entity_id": "dt10081274", "mention": "西游记", "pos_b": 0, "pos_e": 3} ,
{"comment_id": 39, "entity_id": "dn10020803", "mention": "孙艺珍", "pos_b": 15, "pos_e": 18} ,
{"comment_id": 42, "entity_id": "dt10082286|dt10062451", "mention": "Bad\tLieutenant", "pos_b": 33, "pos_e": 47} ,
{"comment_id": 44, "entity_id": "dt10024328", "mention": "搜索", "pos_b": 4, "pos_e": 6} ,
{"comment_id": 46, "entity_id": "dn10031922", "mention": "凯奇", "pos_b": 0, "pos_e": 2} ,
{"comment_id": 46, "entity_id": "dt10075655", "mention": "离开拉斯维加斯", "pos_b": 7, "pos_e": 14} ,
{"comment_id": 46, "entity_id": "dt10083533", "mention": "变脸", "pos_b": 15, "pos_e": 17} ,
{"comment_id": 46, "entity_id": "dt10006960", "mention": "气象预报员", "pos_b": 18, "pos_e": 23} ,
{"comment_id": 46, "entity_id": "dt10078455", "mention": "空中监狱", "pos_b": 24, "pos_e": 28} ,
{"comment_id": 46, "entity_id": "dt10108255|dt10059691", "mention": "国家宝藏", "pos_b": 36, "pos_e": 40} ,
{"comment_id": 47, "entity_id": "dt10077578", "mention": "行尸走肉", "pos_b": 0, "pos_e": 4} ,
{"comment_id": 48, "entity_id": "dt10059317", "mention": "死神来了", "pos_b": 41, "pos_e": 45} ,
{"comment_id": 51, "entity_id": "dn10041495", "mention": "查理·考夫曼", "pos_b": 4, "pos_e": 10} ,
{"comment_id": 51, "entity_id": "dn10041495", "mention": "查理·考夫曼", "pos_b": 16, "pos_e": 22} ,
{"comment_id": 51, "entity_id": "dt10112339", "mention": "HER", "pos_b": 29, "pos_e": 32} ,
{"comment_id": 51, "entity_id": "dt10112339", "mention": "HER", "pos_b": 41, "pos_e": 44} ,
{"comment_id": 51, "entity_id": "dn10058597", "mention": "斯派克琼斯", "pos_b": 48, "pos_e": 53} ,
{"comment_id": 52, "entity_id": "dn10045314", "mention": "大S", "pos_b": 2, "pos_e": 4} ,
{"comment_id": 53, "entity_id": "dn10004236", "mention": "范爷", "pos_b": 13, "pos_e": 15} ,
{"comment_id": 54, "entity_id": "dtdt10126341|10023078|dt10041624|dt10010199", "mention": "霍比特人", "pos_b": 11, "pos_e": 15} ,
{"comment_id": 54, "entity_id": "dt10126341|dt10023078|dt10041624|dt10010199", "mention": "霍比特人", "pos_b": 40, "pos_e": 44} ,
{"comment_id": 56, "entity_id": "dn10046704", "mention": "冠希", "pos_b": 81, "pos_e": 83} ,
{"comment_id": 57, "entity_id": "dt10038179", "mention": "Final\tDestination", "pos_b": 168, "pos_e": 185} ,
{"comment_id": 58, "entity_id": "dn10031990", "mention": "约翰尼·德普", "pos_b": 16, "pos_e": 22} ,
{"comment_id": 58, "entity_id": "dn10031990", "mention": "depp", "pos_b": 23, "pos_e": 27} ,
{"comment_id": 58, "entity_id": "dt10009020", "mention": "加勒比海盗", "pos_b": 30, "pos_e": 35} ,
{"comment_id": 59, "entity_id": "dt10086089", "mention": "爸爸去哪儿", "pos_b": 40, "pos_e": 45} ,
{"comment_id": 60, "entity_id": "dt10073487|dt10041483|dt10061644|dt10036344", "mention": "我的野蛮女友", "pos_b": 5, "pos_e": 11} ,
{"comment_id": 63, "entity_id": "dn10041815", "mention": "汤姆·希德勒斯顿", "pos_b": 0, "pos_e": 8} ,
{"comment_id": 63, "entity_id": "dn10041815", "mention": "汤姆·希德勒斯顿", "pos_b": 60, "pos_e": 68} ,
{"comment_id": 66, "entity_id": "dt10039981", "mention": "爸爸去哪儿", "pos_b": 7, "pos_e": 12} ,
{"comment_id": 67, "entity_id": "dt10103187", "mention": "红楼梦", "pos_b": 61, "pos_e": 64} ,
{"comment_id": 67, "entity_id": "dt10103187", "mention": "红楼梦", "pos_b": 122, "pos_e": 125} ,
{"comment_id": 68, "entity_id": "dn10039832", "mention": "乔什·布洛林", "pos_b": 0, "pos_e": 6} ,
{"comment_id": 69, "entity_id": "dt10072326|dt10072458|dt10069892", "mention": "指环王", "pos_b": 0, "pos_e": 3} ,
{"comment_id": 71, "entity_id": "dt10101651", "mention": "大刺客", "pos_b": 128, "pos_e": 131} ,
{"comment_id": 71, "entity_id": "dt10071967", "mention": "雪山飞狐1999版", "pos_b": 131, "pos_e": 140} ,
{"comment_id": 71, "entity_id": "dt10032262", "mention": "笑傲江湖1996版", "pos_b": 140, "pos_e": 149} ,
{"comment_id": 71, "entity_id": "dt10117987", "mention": "南拳北腿", "pos_b": 149, "pos_e": 153} ,
{"comment_id": 71, "entity_id": "dt10097228|dt10106331", "mention": "金玉满堂", "pos_b": 153, "pos_e": 157} ,
{"comment_id": 71, "entity_id": "dt10097370", "mention": "再生缘", "pos_b": 157, "pos_e": 160} ,
{"comment_id": 72, "entity_id": "dn10029774", "mention": "刘德华", "pos_b": 46, "pos_e": 49} ,
{"comment_id": 73, "entity_id": "dn10025840", "mention": "仔仔", "pos_b": 4, "pos_e": 6} ,
{"comment_id": 75, "entity_id": "dt10090803", "mention": "武林外传", "pos_b": 2, "pos_e": 6} ,
{"comment_id": 76, "entity_id": "dt10112941|dt10126450", "mention": "简爱", "pos_b": 25, "pos_e": 27} ,
{"comment_id": 77, "entity_id": "dt10124102", "mention": "天龙八部", "pos_b": 55, "pos_e": 59} ,
{"comment_id": 79, "entity_id": "dt10077578", "mention": "行尸走肉2", "pos_b": 1, "pos_e": 6} ,
{"comment_id": 80, "entity_id": "dt10072326|dt10072458|dt10069892", "mention": "指环王", "pos_b": 56, "pos_e": 59} ,
{"comment_id": 83, "entity_id": "dt10046486", "mention": "每当变幻时", "pos_b": 24, "pos_e": 29} ,
{"comment_id": 85, "entity_id": "dt10029172", "mention": "恋爱通告", "pos_b": 4, "pos_e": 8} ,
{"comment_id": 86, "entity_id": "dt10122190", "mention": "蒂凡尼的早餐都", "pos_b": 13, "pos_e": 20} ,
{"comment_id": 86, "entity_id": "dt10123008", "mention": "窈窕淑女", "pos_b": 24, "pos_e": 28} ,
{"comment_id": 86, "entity_id": "dt10123008", "mention": "my\tfair\tlady", "pos_b": 42, "pos_e": 54} ,
{"comment_id": 87, "entity_id": "dn10045584", "mention": "全智贤", "pos_b": 0, "pos_e": 3} ,
{"comment_id": 87, "entity_id": "dt10045584", "mention": "雏菊", "pos_b": 21, "pos_e": 23} ,
{"comment_id": 89, "entity_id": "dn10004236", "mention": "范爷", "pos_b": 4, "pos_e": 6} ,
{"comment_id": 92, "entity_id": "dn10034618", "mention": "哥哥", "pos_b": 45, "pos_e": 47} ,
{"comment_id": 93, "entity_id": "dt10041624|dt10010199|dt10023078", "mention": "霍比特人", "pos_b": 48, "pos_e": 52} ,
{"comment_id": 93, "entity_id": "dt10072326|dt10072458|dt10069892", "mention": "指环王", "pos_b": 53, "pos_e": 56} ,
{"comment_id": 95, "entity_id": "dn10032893", "mention": "费拉拉", "pos_b": 27, "pos_e": 30} ,
{"comment_id": 95, "entity_id": "dt10062451", "mention": "坏中尉", "pos_b": 31, "pos_e": 34} ,
{"comment_id": 95, "entity_id": "dn10027905", "mention": "赫尔佐格", "pos_b": 56, "pos_e": 60} ,
{"comment_id": 95, "entity_id": "dt10082286", "mention": "坏中尉", "pos_b": 61, "pos_e": 64} ,
{"comment_id": 95, "entity_id": "dn10031922", "mention": "凯奇", "pos_b": 75, "pos_e": 77} ,
{"comment_id": 95, "entity_id": "dn10001117", "mention": "门德斯", "pos_b": 81, "pos_e": 84} ,
{"comment_id": 96, "entity_id": "dt10059165|dt10107621", "mention": "黑客帝国", "pos_b": 61, "pos_e": 65} ,
{"comment_id": 97, "entity_id": "dn10040372", "mention": "张爱玲", "pos_b": 5, "pos_e": 8} ,
{"comment_id": 98, "entity_id": "dt10029683", "mention": "创可贴", "pos_b": 7, "pos_e": 10} ,
{"comment_id": 98, "entity_id": "dn10047438", "mention": "韩孝珠", "pos_b": 11, "pos_e": 14} ,
{"comment_id": 99, "entity_id": "dn10005430", "mention": "maki", "pos_b": 125, "pos_e": 129} ,
{"comment_id": 99, "entity_id": "dn10005430", "mention": "崛北真希", "pos_b": 130, "pos_e": 134} ,
{"comment_id": 99, "entity_id": "dn10006312", "mention": "高良健吾", "pos_b": 135, "pos_e": 139} ,
{"comment_id": 99, "entity_id": "dn10026926", "mention": "深川", "pos_b": 506, "pos_e": 508} ,
{"comment_id": 99, "entity_id": "dn10005430", "mention": "maki", "pos_b": 544, "pos_e": 548} ,
{"comment_id": 99, "entity_id": "dn10005430", "mention": "崛北真希", "pos_b": 549, "pos_e": 553} ,
{"comment_id": 99, "entity_id": "dn10006312", "mention": "高良健吾", "pos_b": 557, "pos_e": 561} ,
{"comment_id": 99, "entity_id": "dt10108087", "mention": "幻夜", "pos_b": 606, "pos_e": 608} ,
{"comment_id": 99, "entity_id": "dt10105844", "mention": "白夜行", "pos_b": 612, "pos_e": 615} ,
{"comment_id": 100, "entity_id": "dn10011921", "mention": "华晨宇", "pos_b": 6, "pos_e": 9} ,
{"comment_id": 100, "entity_id": "dn10045300", "mention": "欧豪", "pos_b": 26, "pos_e": 28} ,
{"comment_id": 100, "entity_id": "dn10011921", "mention": "华晨宇", "pos_b": 60, "pos_e": 63} ,
{"comment_id": 100, "entity_id": "dn10045300", "mention": "欧豪", "pos_b": 76, "pos_e": 78} ,
{"comment_id": 100, "entity_id": "dn10045300", "mention": "欧豪", "pos_b": 132, "pos_e": 134} ,
{"comment_id": 100, "entity_id": "dn10045300", "mention": "欧豪", "pos_b": 216, "pos_e": 218} ,
{"comment_id": 100, "entity_id": "dn10011921", "mention": "华晨宇", "pos_b": 219, "pos_e": 222} ,
{"comment_id": 102, "entity_id": "dt10053499", "mention": "空难乘客", "pos_b": 4, "pos_e": 8} ,
{"comment_id": 103, "entity_id": "dt10110840", "mention": "异形", "pos_b": 37, "pos_e": 39} ,
{"comment_id": 105, "entity_id": "dt10079835|dt10005165|dt10096739", "mention": "倩女幽魂", "pos_b": 5, "pos_e": 9} ,
{"comment_id": 105, "entity_id": "dt10079835", "mention": "倩2", "pos_b": 15, "pos_e": 17} ,
{"comment_id": 105, "entity_id": "dn10034618", "mention": "张国荣", "pos_b": 20, "pos_e": 23} ,
{"comment_id": 105, "entity_id": "dn10039460", "mention": "张学友", "pos_b": 26, "pos_e": 29} ,
{"comment_id": 105, "entity_id": "dn10063246", "mention": "王祖贤", "pos_b": 31, "pos_e": 34} ,
{"comment_id": 105, "entity_id": "dt10005165", "mention": "倩3", "pos_b": 35, "pos_e": 37} ,
{"comment_id": 105, "entity_id": "dn10064827", "mention": "梁朝伟", "pos_b": 40, "pos_e": 43} ,
{"comment_id": 105, "entity_id": "dn10039460", "mention": "张学友", "pos_b": 46, "pos_e": 49} ,
{"comment_id": 105, "entity_id": "dn10063246", "mention": "王祖贤", "pos_b": 51, "pos_e": 54} ,
{"comment_id": 105, "entity_id": "dt10076922", "mention": "倩1", "pos_b": 55, "pos_e": 57} ,
{"comment_id": 107, "entity_id": "dt10003569|dt10011134|dt10010456|dt10045493", "mention": "暮光", "pos_b": 38, "pos_e": 40} ,
{"comment_id": 107, "entity_id": "dt10003569|dt10011134|dt10010456|dt10045493", "mention": "暮光", "pos_b": 63, "pos_e": 65} ,
{"comment_id": 107, "entity_id": "dt10066108|dt10087934|dt10005269|dt10029205|dt10038967|dt10010120", "mention": "吸血鬼日记", "pos_b": 77, "pos_e": 82} ,
{"comment_id": 108, "entity_id": "dt10091730", "mention": "杀戮日", "pos_b": 23, "pos_e": 26} ,
{"comment_id": 109, "entity_id": "dn10031291", "mention": "凯特·温斯莱特", "pos_b": 5, "pos_e": 12} ,
{"comment_id": 109, "entity_id": "dt10126214", "mention": "身为人母", "pos_b": 14, "pos_e": 18} ,
{"comment_id": 110, "entity_id": "dt10016855", "mention": "超凡蜘蛛侠", "pos_b": 14, "pos_e": 19} ,
{"comment_id": 111, "entity_id": "dn10041107", "mention": "李仁港", "pos_b": 2, "pos_e": 5} ,
{"comment_id": 111, "entity_id": "dt10011735", "mention": "见龙卸甲", "pos_b": 41, "pos_e": 45} ,
{"comment_id": 111, "entity_id": "dt10116051|dt10113949|dt10120795", "mention": "锦衣卫", "pos_b": 68, "pos_e": 71} ,
{"comment_id": 111, "entity_id": "dn10050174", "mention": "赵V", "pos_b": 90, "pos_e": 92} ,
{"comment_id": 111, "entity_id": "dt10099251", "mention": "剑雨", "pos_b": 109, "pos_e": 111} ,
{"comment_id": 111, "entity_id": "dn10045314", "mention": "大S", "pos_b": 129, "pos_e": 131} ,
{"comment_id": 111, "entity_id": "dn10039404", "mention": "王学圻", "pos_b": 132, "pos_e": 135} ,
{"comment_id": 111, "entity_id": "dt10099251", "mention": "剑雨", "pos_b": 146, "pos_e": 148} ,
{"comment_id": 111, "entity_id": "dt10099251", "mention": "剑雨", "pos_b": 192, "pos_e": 194} ,
{"comment_id": 111, "entity_id": "dt10063593", "mention": "火龙", "pos_b": 196, "pos_e": 198} ,
{"comment_id": 111, "entity_id": "dt10110992|dt10002609|dt10108333|dt10029492|dt10103814", "mention": "线人", "pos_b": 198, "pos_e": 200} ,
{"comment_id": 111, "entity_id": "dt10099251", "mention": "剑雨", "pos_b": 221, "pos_e": 223} ,
{"comment_id": 112, "entity_id": "dt10039981|dt10037475", "mention": "爸爸去哪儿", "pos_b": 62, "pos_e": 67} ,
{"comment_id": 113, "entity_id": "dt10096739", "mention": "倩女幽魂", "pos_b": 2, "pos_e": 6} ,
{"comment_id": 114, "entity_id": "dn10050174", "mention": "赵薇", "pos_b": 27, "pos_e": 29} ,
{"comment_id": 114, "entity_id": "dn10023290", "mention": "杰米福克斯", "pos_b": 83, "pos_e": 88} ,
{"comment_id": 114, "entity_id": "dn10028396", "mention": "黄晓明", "pos_b": 118, "pos_e": 121} ,
{"comment_id": 115, "entity_id": "dn10028724", "mention": "阿方索卡隆", "pos_b": 0, "pos_e": 5} ,
{"comment_id": 115, "entity_id": "dt10068859", "mention": "哈3", "pos_b": 22, "pos_e": 24} ,
{"comment_id": 115, "entity_id": "dt10007078", "mention": "哈4", "pos_b": 33, "pos_e": 35} ,
{"comment_id": 115, "entity_id": "dt10068859", "mention": "哈3", "pos_b": 47, "pos_e": 49} ,
{"comment_id": 116, "entity_id": "dt10105402", "mention": "快乐男声", "pos_b": 27, "pos_e": 31} ,
{"comment_id": 116, "entity_id": "dn10043391", "mention": "陈坤", "pos_b": 48, "pos_e": 50} ,
{"comment_id": 116, "entity_id": "dn10003822", "mention": "谢霆锋", "pos_b": 50, "pos_e": 53} ,
{"comment_id": 116, "entity_id": "dn10004236", "mention": "范冰冰", "pos_b": 53, "pos_e": 56} ,
{"comment_id": 116, "entity_id": "dt10015338|dt10043567|dt10003683", "mention": "好声音", "pos_b": 73, "pos_e": 76} ,
{"comment_id": 117, "entity_id": "dt10010072", "mention": "美版", "pos_b": 0, "pos_e": 2} ,
{"comment_id": 117, "entity_id": "dt10110459", "mention": "韩版", "pos_b": 29, "pos_e": 31} ,
{"comment_id": 119, "entity_id": "dt10052375", "mention": "蝴蝶效应3", "pos_b": 2, "pos_e": 7} ,
{"comment_id": 121, "entity_id": "dt10110459", "mention": "老男孩", "pos_b": 0, "pos_e": 3} ,
{"comment_id": 124, "entity_id": "dt10107621", "mention": "黑客帝国", "pos_b": 17, "pos_e": 21} ,
{"comment_id": 126, "entity_id": "dt10105844|dt10107582", "mention": "白夜行", "pos_b": 16, "pos_e": 19} ,
{"comment_id": 129, "entity_id": "dn10069678", "mention": "lindsay", "pos_b": 12, "pos_e": 19} ,
{"comment_id": 130, "entity_id": "dt10052464", "mention": "功夫之王", "pos_b": 4, "pos_e": 8} ,
{"comment_id": 130, "entity_id": "dt10011064", "mention": "五月之恋", "pos_b": 24, "pos_e": 28} ,
{"comment_id": 130, "entity_id": "dt10060496", "mention": "鸿门宴", "pos_b": 39, "pos_e": 42} ,
{"comment_id": 130, "entity_id": "dt10089712", "mention": "恋爱大赢家", "pos_b": 61, "pos_e": 66} ,
{"comment_id": 130, "entity_id": "dt10077102", "mention": "阿宝的故事", "pos_b": 84, "pos_e": 89} ,
{"comment_id": 131, "entity_id": "dt10073450", "mention": "亲切的金子", "pos_b": 18, "pos_e": 23} ,
{"comment_id": 132, "entity_id": "dt10102688", "mention": "叶问1", "pos_b": 81, "pos_e": 84} ,
{"comment_id": 132, "entity_id": "|dt10006607|dt10076414dt10052728", "mention": "霍元甲", "pos_b": 85, "pos_e": 88} ,
{"comment_id": 132, "entity_id": "dt10080925|dt10100340|dt10115220", "mention": "苏乞儿", "pos_b": 89, "pos_e": 92} ,
{"comment_id": 134, "entity_id": "dn10017192", "mention": "王力宏", "pos_b": 91, "pos_e": 94} ,
{"comment_id": 134, "entity_id": "dt10105844|dt10107582", "mention": "白夜行", "pos_b": 112, "pos_e": 115} ,
{"comment_id": 135, "entity_id": "dn10035642", "mention": "布鲁斯威利斯", "pos_b": 9, "pos_e": 15} ,
{"comment_id": 135, "entity_id": "dn10031164", "mention": "QT", "pos_b": 79, "pos_e": 81} ,
{"comment_id": 135, "entity_id": "dt10027722", "mention": "午夜巴黎", "pos_b": 106, "pos_e": 110} ,
{"comment_id": 138, "entity_id": "dn10016183", "mention": "蒋勤勤", "pos_b": 10, "pos_e": 13} ,
{"comment_id": 140, "entity_id": "dn10049965", "mention": "岸西", "pos_b": 18, "pos_e": 20} ,
{"comment_id": 140, "entity_id": "dn10049965", "mention": "岸西", "pos_b": 71, "pos_e": 73} ,
{"comment_id": 140, "entity_id": "dt10059068", "mention": "像我这样的一个女子", "pos_b": 87, "pos_e": 96} ,
{"comment_id": 140, "entity_id": "dt10108267", "mention": "天生一对", "pos_b": 101, "pos_e": 105} ,
{"comment_id": 140, "entity_id": "dn10049965", "mention": "岸西", "pos_b": 125, "pos_e": 127} ,
{"comment_id": 141, "entity_id": "dt10119623|dt10074278", "mention": "战国", "pos_b": 9, "pos_e": 11} ,
{"comment_id": 141, "entity_id": "dt10102558|dt10096739|dt10076922|dt10077522|dt10056690", "mention": "倩女幽魂", "pos_b": 18, "pos_e": 22} ,
{"comment_id": 142, "entity_id": "dn10001905", "mention": "星爷", "pos_b": 1, "pos_e": 3} ,
{"comment_id": 142, "entity_id": "dt10026994", "mention": "大话西游", "pos_b": 6, "pos_e": 10} ,
{"comment_id": 143, "entity_id": "dt10071283", "mention": "普罗米修斯", "pos_b": 55, "pos_e": 60} ,
{"comment_id": 144, "entity_id": "dt10021250", "mention": "卧虎藏龙", "pos_b": 14, "pos_e": 18} ,
{"comment_id": 145, "entity_id": "dt10008655", "mention": "冰血暴", "pos_b": 9, "pos_e": 12} ,
{"comment_id": 146, "entity_id": "dn10029838", "mention": "马田•史高西斯", "pos_b": 21, "pos_e": 28} ,
{"comment_id": 147, "entity_id": "dt10120110|dt10120624", "mention": "天龙八部", "pos_b": 9, "pos_e": 13} ,
{"comment_id": 147, "entity_id": "dn10020122", "mention": "赵学而", "pos_b": 23, "pos_e": 26} ,
{"comment_id": 147, "entity_id": "dt10120110|dt10120624", "mention": "天龙八部", "pos_b": 35, "pos_e": 39} ,
{"comment_id": 150, "entity_id": "dn10002101", "mention": "迪卡布里奥", "pos_b": 21, "pos_e": 26} ,
{"comment_id": 151, "entity_id": "dn10047847", "mention": "小唐尼", "pos_b": 13, "pos_e": 16} ,
{"comment_id": 152, "entity_id": "dn10035642", "mention": "布鲁斯·威利", "pos_b": 5, "pos_e": 11} ,
{"comment_id": 153, "entity_id": "dn10000725", "mention": "迈克尔·法斯宾德", "pos_b": 3, "pos_e": 11} ,
{"comment_id": 153, "entity_id": "dn10000725", "mention": "迈克尔·法斯宾德", "pos_b": 37, "pos_e": 45} ,
{"comment_id": 153, "entity_id": "dn10000725", "mention": "迈克尔·法斯宾德", "pos_b": 58, "pos_e": 66} ,
{"comment_id": 154, "entity_id": "dt10103187", "mention": "红楼梦", "pos_b": 7, "pos_e": 10} ,
{"comment_id": 155, "entity_id": "dt10054027", "mention": "电锯惊魂", "pos_b": 145, "pos_e": 149} ,
{"comment_id": 157, "entity_id": "dn10052130", "mention": "洪宇宙", "pos_b": 109, "pos_e": 112} ,
{"comment_id": 157, "entity_id": "dt10066719", "mention": "三国演义", "pos_b": 129, "pos_e": 133} ,
{"comment_id": 158, "entity_id": "dt10107347", "mention": "教父", "pos_b": 0, "pos_e": 2} ,
{"comment_id": 159, "entity_id": "dt10077578", "mention": "行尸走肉二季", "pos_b": 4, "pos_e": 10} ,
{"comment_id": 160, "entity_id": "dt10094449", "mention": "老房有喜", "pos_b": 7, "pos_e": 11} ,
{"comment_id": 162, "entity_id": "dt10061274", "mention": "碟中谍", "pos_b": 41, "pos_e": 44} ,
{"comment_id": 166, "entity_id": "dt10024748|dt10114572|dt10022008|dt10110842|dt10025307", "mention": "傲慢与偏见", "pos_b": 240, "pos_e": 245} ,
{"comment_id": 166, "entity_id": "dt10051650", "mention": "南与北", "pos_b": 248, "pos_e": 251} ,
{"comment_id": 167, "entity_id": "dn10005812", "mention": "小沈阳", "pos_b": 2, "pos_e": 5} ,
{"comment_id": 167, "entity_id": "dn10070479", "mention": "姜文", "pos_b": 17, "pos_e": 19} ,
{"comment_id": 167, "entity_id": "dn10063862", "mention": "葛大爷", "pos_b": 20, "pos_e": 23} ,
{"comment_id": 171, "entity_id": "dt10009020", "mention": "加勒比海盗", "pos_b": 21, "pos_e": 26} ,
{"comment_id": 172, "entity_id": "dn10035147", "mention": "吴彦祖", "pos_b": 0, "pos_e": 3} ,
{"comment_id": 172, "entity_id": "dn10040500", "mention": "古天乐", "pos_b": 13, "pos_e": 16} ,
{"comment_id": 172, "entity_id": "dn10069097", "mention": "高圆圆", "pos_b": 36, "pos_e": 39} ,
{"comment_id": 172, "entity_id": "dn10037239", "mention": "成龙", "pos_b": 64, "pos_e": 66} ,
{"comment_id": 172, "entity_id": "dn10069097", "mention": "高圆圆", "pos_b": 73, "pos_e": 76} ,
{"comment_id": 172, "entity_id": "dt10093987", "mention": "单身男女", "pos_b": 110, "pos_e": 114} ,
{"comment_id": 173, "entity_id": "dt10103187", "mention": "红楼梦", "pos_b": 17, "pos_e": 20} ,
{"comment_id": 175, "entity_id": "dn10020803", "mention": "孙艺珍", "pos_b": 41, "pos_e": 44} ,
{"comment_id": 177, "entity_id": "dt10039981|dt10037475", "mention": "爸爸去哪儿", "pos_b": 45, "pos_e": 50} ,
{"comment_id": 177, "entity_id": "dt10039981|dt10037475", "mention": "爸爸去哪儿", "pos_b": 238, "pos_e": 243} ,
{"comment_id": 177, "entity_id": "dn10066076", "mention": "李湘", "pos_b": 576, "pos_e": 578} ,
{"comment_id": 177, "entity_id": "dn10036854", "mention": "林志颖", "pos_b": 579, "pos_e": 582} ,
{"comment_id": 177, "entity_id": "dn10060609", "mention": "田亮", "pos_b": 608, "pos_e": 610} ,
{"comment_id": 177, "entity_id": "dn10067860", "mention": "张亮", "pos_b": 610, "pos_e": 612} ,
{"comment_id": 177, "entity_id": "dn10034473", "mention": "郭涛", "pos_b": 612, "pos_e": 614} ,
{"comment_id": 177, "entity_id": "dt10086089", "mention": "爸爸去哪儿第二季", "pos_b": 756, "pos_e": 764} ,
{"comment_id": 178, "entity_id": "dn10001905", "mention": "周星星", "pos_b": 20, "pos_e": 23} ,
{"comment_id": 182, "entity_id": "dn10027970", "mention": "老谋子", "pos_b": 392, "pos_e": 395} ,
{"comment_id": 183, "entity_id": "dt10116389|dt10008655", "mention": "Fargo", "pos_b": 5, "pos_e": 10} ,
{"comment_id": 183, "entity_id": "dt10024726|dt10041725|dt10048448|dt10018963|dt10127022", "mention": "绝命毒师", "pos_b": 50, "pos_e": 54} ,
{"comment_id": 183, "entity_id": "dn10036213|dn10028193", "mention": "科恩兄弟", "pos_b": 66, "pos_e": 70} ,
{"comment_id": 183, "entity_id": "dt10024726|dt10041725|dt10048448|dt10018963|dt10127022", "mention": "毒师", "pos_b": 71, "pos_e": 73} ,
{"comment_id": 183, "entity_id": "dt10018963", "mention": "五季", "pos_b": 144, "pos_e": 146} ,
{"comment_id": 183, "entity_id": "dt10021781|dt10008317|dt10006375|dt10006876|dt10123474 dt10005609|dt10115651|dt10087156|dt10098972|dt10008307|dt10008584|dt10007677", "mention": "CSI", "pos_b": 174, "pos_e": 177} ,
{"comment_id": 183, "entity_id": "dt10109316|dt10008056|dt10068514", "mention": "汉尼拔", "pos_b": 178, "pos_e": 181} ,
{"comment_id": 183, "entity_id": "dt10024726|dt10041725|dt10048448|dt10018963|dt10127022", "mention": "毒师", "pos_b": 185, "pos_e": 187} ,
{"comment_id": 184, "entity_id": "dt10045493", "mention": "暮色", "pos_b": 3, "pos_e": 5} ,
{"comment_id": 184, "entity_id": "dt10066108", "mention": "The\tVampire\tDiaries", "pos_b": 27, "pos_e": 46} ,
{"comment_id": 188, "entity_id": "dt10010805|dt10045420", "mention": "秘密", "pos_b": 12, "pos_e": 14} ,
{"comment_id": 189, "entity_id": "dt10105844|dt10107582", "mention": "白夜行", "pos_b": 54, "pos_e": 57} ,
{"comment_id": 190, "entity_id": "dt10110840|dt10100814|dt10118536|dt10019376", "mention": "异形", "pos_b": 4, "pos_e": 6} ,
{"comment_id": 190, "entity_id": "dt10110840|dt10100814|dt10118536|dt10019376", "mention": "异形", "pos_b": 72, "pos_e": 74} ,
{"comment_id": 190, "entity_id": "dt10100814", "mention": "第二部", "pos_b": 82, "pos_e": 85} ,
{"comment_id": 190, "entity_id": "dt10110840", "mention": "第一部", "pos_b": 86, "pos_e": 89} ,
{"comment_id": 190, "entity_id": "dt10118536", "mention": "第三部", "pos_b": 90, "pos_e": 93} ,
{"comment_id": 190, "entity_id": "dt10019376", "mention": "第四部", "pos_b": 94, "pos_e": 97} ,
{"comment_id": 191, "entity_id": "dt10075989", "mention": "告白", "pos_b": 49, "pos_e": 51} ,
{"comment_id": 191, "entity_id": "dt10075989", "mention": "告白", "pos_b": 407, "pos_e": 409} ,
{"comment_id": 193, "entity_id": "dn10058597", "mention": "斯派克·琼斯", "pos_b": 18, "pos_e": 24} ,
{"comment_id": 193, "entity_id": "dn10028046", "mention": "索菲亚·科波拉", "pos_b": 26, "pos_e": 33} ,
{"comment_id": 193, "entity_id": "dt10106568", "mention": "迷失东京", "pos_b": 51, "pos_e": 55} ,
{"comment_id": 193, "entity_id": "dn10028046", "mention": "索菲亚·科波拉", "pos_b": 59, "pos_e": 66} ,
{"comment_id": 193, "entity_id": "dt10106568", "mention": "迷失东京", "pos_b": 67, "pos_e": 71} ,
{"comment_id": 193, "entity_id": "dn10058597", "mention": "斯派克·琼斯", "pos_b": 97, "pos_e": 103} ,
{"comment_id": 195, "entity_id": "dn10028456", "mention": "卷福", "pos_b": 27, "pos_e": 29} ,
{"comment_id": 196, "entity_id": "dt10066719", "mention": "三国", "pos_b": 18, "pos_e": 20} ,
{"comment_id": 197, "entity_id": "dt10065516", "mention": "超凡蜘蛛侠2", "pos_b": 4, "pos_e": 10} ,
{"comment_id": 199, "entity_id": "dt10007088", "mention": "年轻的汉尼拔", "pos_b": 2, "pos_e": 8} ]
