[ {"comment_id": 1, "entity_id": "dt10031612|dt10010887", "mention": "X战警", "pos_b": 25, "pos_e": 28} ,
{"comment_id": 3, "entity_id": "dn10049183", "mention": "赵导", "pos_b": 14, "pos_e": 16} ,
{"comment_id": 3, "entity_id": "dn10020299", "mention": "桂纶镁", "pos_b": 33, "pos_e": 36} ,
{"comment_id": 3, "entity_id": "dn10040816", "mention": "孙红雷", "pos_b": 56, "pos_e": 59} ,
{"comment_id": 3, "entity_id": "dn10016183", "mention": "蒋勤勤", "pos_b": 103, "pos_e": 106} ,
{"comment_id": 4, "entity_id": "dn10052595", "mention": "张纪中", "pos_b": 7, "pos_e": 10} ,
{"comment_id": 4, "entity_id": "dn10047571", "mention": "金庸", "pos_b": 13, "pos_e": 15} ,
{"comment_id": 4, "entity_id": "dn10047571", "mention": "金庸", "pos_b": 29, "pos_e": 31} ,
{"comment_id": 6, "entity_id": "dn10031990", "mention": "德普", "pos_b": 0, "pos_e": 2} ,
{"comment_id": 6, "entity_id": "dt10009020|dt10024349|dt10051985|dt10072752", "mention": "加勒比海盗", "pos_b": 18, "pos_e": 23} ,
{"comment_id": 7, "entity_id": "dt10066108", "mention": "第一季", "pos_b": 2, "pos_e": 5} ,
{"comment_id": 7, "entity_id": "dt10005269", "mention": "第二季", "pos_b": 6, "pos_e": 9} ,
{"comment_id": 7, "entity_id": "dt10010120|dt10038967|dt10029205|dt10066108|dt10005269|dt10087934", "mention": "吸血鬼日记", "pos_b": 49, "pos_e": 54} ,
{"comment_id": 8, "entity_id": "dn10029637", "mention": "卡梅隆", "pos_b": 36, "pos_e": 39} ,
{"comment_id": 9, "entity_id": "dt10041625", "mention": "东邪西毒", "pos_b": 2, "pos_e": 6} ,
{"comment_id": 9, "entity_id": "dt10064473", "mention": "东成西就", "pos_b": 15, "pos_e": 19} ,
{"comment_id": 10, "entity_id": "dt10023229|dt10103187", "mention": "红楼梦", "pos_b": 4, "pos_e": 7} ,
{"comment_id": 10, "entity_id": "dt10029360|dt10034228", "mention": "红楼梦", "pos_b": 17, "pos_e": 20} ,
{"comment_id": 11, "entity_id": "dn10032036", "mention": "小白", "pos_b": 35, "pos_e": 37} ,
{"comment_id": 11, "entity_id": "dn10045300", "mention": "欧豪", "pos_b": 38, "pos_e": 40} ,
{"comment_id": 11, "entity_id": "dn10011921", "mention": "花花", "pos_b": 43, "pos_e": 45} ,
{"comment_id": 12, "entity_id": "dt10066172|dt10050960", "mention": "背水一战", "pos_b": 79, "pos_e": 83} ,
{"comment_id": 12, "entity_id": "dt10031612", "mention": "X战警", "pos_b": 98, "pos_e": 101} ,
{"comment_id": 13, "entity_id": "dt10024011|dt10112139|dt10019333|dt10123756|dt10104317|dt10077288|dt10010001|dt10077578", "mention": "行尸走肉", "pos_b": 71, "pos_e": 75} ,
{"comment_id": 15, "entity_id": "dt10116389|dt10008655", "mention": "冰血暴", "pos_b": 0, "pos_e": 3} ,
{"comment_id": 15, "entity_id": "dn10028193|dn10036213", "mention": "科恩兄弟", "pos_b": 14, "pos_e": 18} ,
{"comment_id": 15, "entity_id": "dt10024726|dt10127022|dt10041725|dt10048448|dt10018963", "mention": "绝命毒师", "pos_b": 119, "pos_e": 123} ,
{"comment_id": 15, "entity_id": "dt10118843|dt10120529|dt10052223|dt10054497|dt10045131|dt10025958", "mention": "纸牌屋", "pos_b": 124, "pos_e": 127} ,
{"comment_id": 16, "entity_id": "dt10072326|dt10069892|dt10072458", "mention": "魔戒", "pos_b": 2, "pos_e": 4} ,
{"comment_id": 16, "entity_id": "dt10072326|dt10069892|dt10072458", "mention": "指环王", "pos_b": 6, "pos_e": 9} ,
{"comment_id": 17, "entity_id": "dt10117922", "mention": "水浒传之英雄本色", "pos_b": 3, "pos_e": 11} ,
{"comment_id": 17, "entity_id": "dt10072745", "mention": "英雄本色", "pos_b": 21, "pos_e": 25} ,
{"comment_id": 17, "entity_id": "dt10072745", "mention": "英雄本色", "pos_b": 40, "pos_e": 44} ,
{"comment_id": 18, "entity_id": "dt10102688|dt10124566", "mention": "叶问", "pos_b": 15, "pos_e": 17} ,
{"comment_id": 19, "entity_id": "dt10043525", "mention": "1", "pos_b": 9, "pos_e": 10} ,
{"comment_id": 19, "entity_id": "dt10064362", "mention": "2", "pos_b": 18, "pos_e": 19} ,
{"comment_id": 19, "entity_id": "dt10043525|dt10064362|dt10052375", "mention": "蝴蝶效应", "pos_b": 29, "pos_e": 33} ,
{"comment_id": 20, "entity_id": "dn10020428", "mention": "小宝", "pos_b": 17, "pos_e": 19} ,
{"comment_id": 21, "entity_id": "dt10051985", "mention": "加勒比海盗4", "pos_b": 1, "pos_e": 7} ,
{"comment_id": 21, "entity_id": "dn10031990", "mention": "德普", "pos_b": 97, "pos_e": 99} ,
{"comment_id": 22, "entity_id": "dt10102558|dt10096739|dt10076922|dt10056690", "mention": "倩女幽魂", "pos_b": 16, "pos_e": 20} ,
{"comment_id": 22, "entity_id": "dn10010808", "mention": "徐克", "pos_b": 24, "pos_e": 26} ,
{"comment_id": 22, "entity_id": "dn10022326", "mention": "李翰祥", "pos_b": 27, "pos_e": 30} ,
{"comment_id": 22, "entity_id": "dn10051511", "mention": "刘亦菲", "pos_b": 35, "pos_e": 38} ,
{"comment_id": 22, "entity_id": "dn10007116", "mention": "余少群", "pos_b": 39, "pos_e": 42} ,
{"comment_id": 22, "entity_id": "dn10034618", "mention": "张国荣", "pos_b": 70, "pos_e": 73} ,
{"comment_id": 22, "entity_id": "dn10063246", "mention": "王祖贤", "pos_b": 74, "pos_e": 77} ,
{"comment_id": 22, "entity_id": "dn10040500", "mention": "古天乐", "pos_b": 119, "pos_e": 122} ,
{"comment_id": 22, "entity_id": "dt10093987|dt10078604", "mention": "单身男女", "pos_b": 123, "pos_e": 127} ,
{"comment_id": 24, "entity_id": "dt10011841|dt10084387|dt10070303", "mention": "回到未来", "pos_b": 214, "pos_e": 218} ,
{"comment_id": 25, "entity_id": "dn10034722", "mention": "中岛哲也", "pos_b": 14, "pos_e": 18} ,
{"comment_id": 25, "entity_id": "dt10075989", "mention": "告白", "pos_b": 19, "pos_e": 21} ,
{"comment_id": 26, "entity_id": "dt10013144", "mention": "天生一对", "pos_b": 13, "pos_e": 17} ,
{"comment_id": 28, "entity_id": "dt10052637", "mention": "盗梦空间", "pos_b": 4, "pos_e": 8} ,
{"comment_id": 28, "entity_id": "dt10036553", "mention": "源代码", "pos_b": 8, "pos_e": 11} ,
{"comment_id": 28, "entity_id": "dt10107621", "mention": "黑客帝国", "pos_b": 22, "pos_e": 26} ,
{"comment_id": 29, "entity_id": "dt10019333|dt10077288|dt10123756|dt10112139", "mention": "行尸走肉", "pos_b": 52, "pos_e": 56} ,
{"comment_id": 30, "entity_id": "dt10102956|dt10004454|dt10014773|dt10106982|dt10058952", "mention": "变形计", "pos_b": 14, "pos_e": 17} ,
{"comment_id": 31, "entity_id": "dt10054027", "mention": "电锯惊魂", "pos_b": 0, "pos_e": 4} ,
{"comment_id": 32, "entity_id": "dn10016183", "mention": "蒋勤勤", "pos_b": 9, "pos_e": 12} ,
{"comment_id": 32, "entity_id": "dn10060473", "mention": "王菲", "pos_b": 36, "pos_e": 38} ,
{"comment_id": 32, "entity_id": "dn10020299", "mention": "桂纶镁", "pos_b": 49, "pos_e": 52} ,
{"comment_id": 32, "entity_id": "dn10040816", "mention": "孙红雷", "pos_b": 77, "pos_e": 80} ,
{"comment_id": 33, "entity_id": "dn10070331", "mention": "Tobey\tMaguire", "pos_b": 9, "pos_e": 22} ,
{"comment_id": 33, "entity_id": "dn10030125", "mention": "Kirsten\tDunst", "pos_b": 25, "pos_e": 38} ,
{"comment_id": 33, "entity_id": "dt10016855|dt10065516", "mention": "超凡蜘蛛侠", "pos_b": 49, "pos_e": 54} ,
{"comment_id": 34, "entity_id": "dt10043567|dt10015338|dt10003683", "mention": "中国好声音", "pos_b": 24, "pos_e": 29} ,
{"comment_id": 35, "entity_id": "dt10089502|dt10027692", "mention": "匆匆那年", "pos_b": 5, "pos_e": 9} ,
{"comment_id": 36, "entity_id": "dn10001924", "mention": "袁和平", "pos_b": 63, "pos_e": 66} ,
{"comment_id": 36, "entity_id": "dt10080925|dt10115220", "mention": "苏乞儿", "pos_b": 67, "pos_e": 70} ,
{"comment_id": 36, "entity_id": "dn10062561", "mention": "洪金宝", "pos_b": 73, "pos_e": 76} ,
{"comment_id": 36, "entity_id": "dt10102688", "mention": "叶问1", "pos_b": 84, "pos_e": 87} ,
{"comment_id": 37, "entity_id": "dn10028193|dn10036213", "mention": "科恩兄弟", "pos_b": 73, "pos_e": 77} ,
{"comment_id": 37, "entity_id": "dn10038391", "mention": "Frances\tMcDormand", "pos_b": 100, "pos_e": 117} ,
{"comment_id": 37, "entity_id": "dn10036213", "mention": "科恩哥哥", "pos_b": 120, "pos_e": 124} ,
{"comment_id": 37, "entity_id": "dn10028733", "mention": "牙叔", "pos_b": 127, "pos_e": 129} ,
{"comment_id": 38, "entity_id": "dt10000387", "mention": "Intouchables", "pos_b": 57, "pos_e": 69} ,
{"comment_id": 39, "entity_id": "dn10036413", "mention": "Page", "pos_b": 12, "pos_e": 16} ,
{"comment_id": 39, "entity_id": "dt10052637", "mention": "盗梦空间", "pos_b": 50, "pos_e": 54} ,
{"comment_id": 39, "entity_id": "dt10066172", "mention": "X战警3", "pos_b": 59, "pos_e": 63} ,
{"comment_id": 41, "entity_id": "dt10126952|dt10027522|dt10007078|dt10004904", "mention": "哈利波特", "pos_b": 22, "pos_e": 26} ,
{"comment_id": 43, "entity_id": "dt10090783", "mention": "射雕英雄传", "pos_b": 30, "pos_e": 35} ,
{"comment_id": 43, "entity_id": "dt10109936|dt10062121|dt10050551", "mention": "神雕侠侣", "pos_b": 70, "pos_e": 74} ,
{"comment_id": 44, "entity_id": "dt10010001|dt10019333", "mention": "行尸走肉", "pos_b": 34, "pos_e": 38} ,
{"comment_id": 45, "entity_id": "dt10010694", "mention": "笑傲江湖", "pos_b": 5, "pos_e": 9} ,
{"comment_id": 45, "entity_id": "dn10050140", "mention": "霍建华", "pos_b": 24, "pos_e": 27} ,
{"comment_id": 48, "entity_id": "dt10106920|dt10019122|dt10108997|dt10027828|dt10066702", "mention": "星球大战", "pos_b": 46, "pos_e": 50} ,
{"comment_id": 49, "entity_id": "dt10090803", "mention": "武林外传", "pos_b": 6, "pos_e": 10} ,
{"comment_id": 50, "entity_id": "dt10096739|dt10077522|dt10076922", "mention": "倩女幽魂", "pos_b": 30, "pos_e": 34} ,
{"comment_id": 52, "entity_id": "dt10103041", "mention": "生化危机", "pos_b": 30, "pos_e": 34} ,
{"comment_id": 52, "entity_id": "dt10010001| dt10024011|dt10112139|dt10123756|dt10019333|dt10104317|dt10077578|dt10077288", "mention": "行尸走肉", "pos_b": 35, "pos_e": 39} ,
{"comment_id": 55, "entity_id": "dn10031866|dn10036931", "mention": "娜塔莎", "pos_b": 86, "pos_e": 89} ,
{"comment_id": 55, "entity_id": "dn10031491", "mention": "赫本", "pos_b": 90, "pos_e": 92} ,
{"comment_id": 55, "entity_id": "dt10113452|dt10008667", "mention": "战争与和平", "pos_b": 124, "pos_e": 129} ,
{"comment_id": 55, "entity_id": "dt10110371|dt10076768|dt10094429", "mention": "地道战", "pos_b": 133, "pos_e": 136} ,
{"comment_id": 57, "entity_id": "|dt10010199|dt10023078|dt10041624", "mention": "The\tHobbit", "pos_b": 43, "pos_e": 53} ,
{"comment_id": 57, "entity_id": "|dt10010199|dt10023078|dt10041624", "mention": "The\tHobbit", "pos_b": 82, "pos_e": 92} ,
{"comment_id": 57, "entity_id": "dn10027784", "mention": "伊利亚伍德", "pos_b": 100, "pos_e": 105} ,
{"comment_id": 57, "entity_id": "dt10072326|dt10069892|dt10072458", "mention": "指环王", "pos_b": 137, "pos_e": 140} ,
{"comment_id": 58, "entity_id": "dt10066435", "mention": "触不到的恋人", "pos_b": 68, "pos_e": 74} ,
{"comment_id": 59, "entity_id": "dn10037192", "mention": "金喜善", "pos_b": 7, "pos_e": 10} ,
{"comment_id": 61, "entity_id": "dt10009020|dt10072752|dt10024349", "mention": "加勒比海盗三部曲", "pos_b": 0, "pos_e": 8} ,
{"comment_id": 62, "entity_id": "dt10108345", "mention": "武林外传", "pos_b": 0, "pos_e": 4} ,
{"comment_id": 63, "entity_id": "dn10026062", "mention": "张叔平", "pos_b": 11, "pos_e": 14} ,
{"comment_id": 63, "entity_id": "dn10063246", "mention": "王祖贤", "pos_b": 15, "pos_e": 18} ,
{"comment_id": 63, "entity_id": "dn10034618", "mention": "张国荣", "pos_b": 45, "pos_e": 48} ,
{"comment_id": 63, "entity_id": "dn10019954", "mention": "午马", "pos_b": 49, "pos_e": 51} ,
{"comment_id": 63, "entity_id": "dn10010808", "mention": "徐克", "pos_b": 65, "pos_e": 67} ,
{"comment_id": 63, "entity_id": "dn10046650", "mention": "程小东", "pos_b": 75, "pos_e": 78} ,
{"comment_id": 63, "entity_id": "dn10006435", "mention": "黄霑", "pos_b": 88, "pos_e": 90} ,
{"comment_id": 64, "entity_id": "dn10031363|dn10015703", "mention": "朱迪", "pos_b": 17, "pos_e": 19} ,
{"comment_id": 65, "entity_id": "dt10011535", "mention": "第一战", "pos_b": 39, "pos_e": 42} ,
{"comment_id": 65, "entity_id": "dn10004236", "mention": "范爷", "pos_b": 68, "pos_e": 70} ,
{"comment_id": 67, "entity_id": "dn10068521", "mention": "琼瑶", "pos_b": 14, "pos_e": 16} ,
{"comment_id": 69, "entity_id": "dn10028193|dn10036213", "mention": "科恩兄弟", "pos_b": 32, "pos_e": 36} ,
{"comment_id": 69, "entity_id": "dt10008655", "mention": "冰血暴", "pos_b": 37, "pos_e": 40} ,
{"comment_id": 70, "entity_id": "dt10023982", "mention": "蜘蛛侠", "pos_b": 22, "pos_e": 25} ,
{"comment_id": 71, "entity_id": "dn10031990", "mention": "约翰尼·德普", "pos_b": 31, "pos_e": 37} ,
{"comment_id": 72, "entity_id": "dt10024349", "mention": "加勒比海盗3", "pos_b": 30, "pos_e": 36} ,
{"comment_id": 74, "entity_id": "dt10105103", "mention": "简爱", "pos_b": 19, "pos_e": 21} ,
{"comment_id": 74, "entity_id": "dn10010602", "mention": "奥森·威尔斯", "pos_b": 23, "pos_e": 29} ,
{"comment_id": 74, "entity_id": "dn10010602", "mention": "奥森·威尔斯", "pos_b": 52, "pos_e": 58} ,
{"comment_id": 75, "entity_id": "dn10036127", "mention": "帕尔玛", "pos_b": 3, "pos_e": 6} ,
{"comment_id": 75, "entity_id": "dn10060121", "mention": "吴宇森", "pos_b": 10, "pos_e": 13} ,
{"comment_id": 75, "entity_id": "dt10061274|dt10066292", "mention": "碟中谍", "pos_b": 17, "pos_e": 20} ,
{"comment_id": 75, "entity_id": "dn10030529", "mention": "汤哥", "pos_b": 24, "pos_e": 26} ,
{"comment_id": 75, "entity_id": "dt10061274|dt10066292", "mention": "碟中谍", "pos_b": 43, "pos_e": 46} ,
{"comment_id": 76, "entity_id": "dt10090803|dt10108345", "mention": "武林外传", "pos_b": 18, "pos_e": 22} ,
{"comment_id": 77, "entity_id": "dt10010001|dt10024011|dt10112139|dt10123756|dt10019333|dt10104317|dt10077578|dt10077288", "mention": "行尸走肉", "pos_b": 21, "pos_e": 25} ,
{"comment_id": 78, "entity_id": "dt10021250", "mention": "卧虎藏龙", "pos_b": 1, "pos_e": 5} ,
{"comment_id": 79, "entity_id": "dn10031491", "mention": "奥黛丽赫本", "pos_b": 0, "pos_e": 5} ,
{"comment_id": 80, "entity_id": "dt10044678", "mention": "触不可及", "pos_b": 21, "pos_e": 25} ,
{"comment_id": 82, "entity_id": "dt10066435", "mention": "触不到的恋人", "pos_b": 68, "pos_e": 74} ,
{"comment_id": 83, "entity_id": "dt10038179|dt10047277", "mention": "死神来了", "pos_b": 7, "pos_e": 11} ,
{"comment_id": 84, "entity_id": "dt10071026", "mention": "水浒传", "pos_b": 0, "pos_e": 3} ,
{"comment_id": 85, "entity_id": "dn10028456", "mention": "卷福", "pos_b": 73, "pos_e": 75} ,
{"comment_id": 87, "entity_id": "dn10034722", "mention": "中岛哲也", "pos_b": 3, "pos_e": 7} ,
{"comment_id": 87, "entity_id": "dt10075989", "mention": "告白", "pos_b": 73, "pos_e": 75} ,
{"comment_id": 89, "entity_id": "dt10038179", "mention": "死神来了", "pos_b": 26, "pos_e": 30} ,
{"comment_id": 92, "entity_id": "dt10038179|dt10047277", "mention": "死神来了", "pos_b": 5, "pos_e": 9} ,
{"comment_id": 93, "entity_id": "dt10031507", "mention": "唐伯虎点秋香", "pos_b": 36, "pos_e": 42} ,
{"comment_id": 94, "entity_id": "dn10038685", "mention": "Jay-Z", "pos_b": 9, "pos_e": 14} ,
{"comment_id": 94, "entity_id": "dt10009030", "mention": "飞行家", "pos_b": 31, "pos_e": 34} ,
{"comment_id": 94, "entity_id": "dt10029116", "mention": "舞出我人生", "pos_b": 39, "pos_e": 44} ,
{"comment_id": 94, "entity_id": "dt10077693", "mention": "蜘蛛侠", "pos_b": 50, "pos_e": 53} ,
{"comment_id": 94, "entity_id": "dt10028327", "mention": "了不起的盖茨比", "pos_b": 64, "pos_e": 71} ,
{"comment_id": 95, "entity_id": "dt10068794", "mention": "老友记6", "pos_b": 16, "pos_e": 20} ,
{"comment_id": 95, "entity_id": "dt10123756", "mention": "行尸走肉3", "pos_b": 24, "pos_e": 29} ,
{"comment_id": 96, "entity_id": "dn10034618", "mention": "张国荣", "pos_b": 36, "pos_e": 39} ,
{"comment_id": 96, "entity_id": "dn10057694|dn10034618", "mention": "哥哥", "pos_b": 73, "pos_e": 75} ,
{"comment_id": 97, "entity_id": "dt10043525", "mention": "蝴蝶效应", "pos_b": 27, "pos_e": 31} ,
{"comment_id": 98, "entity_id": "dt10126952|dt10027522|dt10007078|dt10004904|dt10041921|dt10000917|dt10029752", "mention": "哈利波特", "pos_b": 21, "pos_e": 25} ,
{"comment_id": 99, "entity_id": "dn10027905", "mention": "荷索", "pos_b": 0, "pos_e": 2} ,
{"comment_id": 99, "entity_id": "dt10082286|dt10062451", "mention": "坏中尉", "pos_b": 17, "pos_e": 20} ,
{"comment_id": 100, "entity_id": "dt10123008", "mention": "窈窕淑女", "pos_b": 0, "pos_e": 4} ,
{"comment_id": 101, "entity_id": "dn10070479", "mention": "姜文", "pos_b": 7, "pos_e": 9} ,
{"comment_id": 101, "entity_id": "dn10063862", "mention": "个优", "pos_b": 9, "pos_e": 11} ,
{"comment_id": 101, "entity_id": "dn10063441", "mention": "发哥", "pos_b": 23, "pos_e": 25} ,
{"comment_id": 102, "entity_id": "dt10038672|dt10032262|dt10118804|dt10056120", "mention": "笑傲江湖", "pos_b": 13, "pos_e": 17} ,
{"comment_id": 104, "entity_id": "dn10058860", "mention": "林志炫", "pos_b": 132, "pos_e": 135} ,
{"comment_id": 106, "entity_id": "dn10054674|dn10065084", "mention": "RobertDuvall", "pos_b": 114, "pos_e": 126} ,
{"comment_id": 108, "entity_id": "dn10029880", "mention": "韩磊", "pos_b": 13, "pos_e": 15} ,
{"comment_id": 108, "entity_id": "dt10047348|dt10086762", "mention": "我是歌手", "pos_b": 26, "pos_e": 30} ,
{"comment_id": 109, "entity_id": "dt10113571|dt10018994|dt10124102|dt10106314|dt10120624|dt10120110", "mention": "天龙八部", "pos_b": 9, "pos_e": 13} ,
{"comment_id": 110, "entity_id": "dt10036421", "mention": "秘密", "pos_b": 5, "pos_e": 7} ,
{"comment_id": 110, "entity_id": "dt10066038", "mention": "继承者", "pos_b": 8, "pos_e": 11} ,
{"comment_id": 110, "entity_id": "dt10070988|dt10066038", "mention": "继承者", "pos_b": 20, "pos_e": 23} ,
{"comment_id": 110, "entity_id": "dt10036421", "mention": "秘密", "pos_b": 48, "pos_e": 50} ,
{"comment_id": 111, "entity_id": "dt10008655", "mention": "Fargo", "pos_b": 8, "pos_e": 13} ,
{"comment_id": 112, "entity_id": "dt10002301|dt10062409", "mention": "神探夏洛克", "pos_b": 0, "pos_e": 5} ,
{"comment_id": 113, "entity_id": "dn10053504", "mention": "邱岳峰", "pos_b": 18, "pos_e": 21} ,
{"comment_id": 114, "entity_id": "dt10088530", "mention": "守望者", "pos_b": 10, "pos_e": 13} ,
{"comment_id": 114, "entity_id": "dn10064865", "mention": "Patrick\tWilson", "pos_b": 18, "pos_e": 32} ,
{"comment_id": 114, "entity_id": "dt10088530", "mention": "守望者", "pos_b": 62, "pos_e": 65} ,
{"comment_id": 114, "entity_id": "dt10053499", "mention": "空难乘客", "pos_b": 80, "pos_e": 84} ,
{"comment_id": 114, "entity_id": "dn10001966", "mention": "安妮海瑟薇", "pos_b": 86, "pos_e": 91} ,
{"comment_id": 115, "entity_id": "dn10037090", "mention": "Mads", "pos_b": 48, "pos_e": 52} ,
{"comment_id": 115, "entity_id": "dt10094841", "mention": "汉尼拔", "pos_b": 69, "pos_e": 72} ,
{"comment_id": 117, "entity_id": "dt10061274|dt10066292", "mention": "碟中谍", "pos_b": 5, "pos_e": 8} ,
{"comment_id": 117, "entity_id": "dn10030529", "mention": "阿汤哥", "pos_b": 19, "pos_e": 22} ,
{"comment_id": 117, "entity_id": "dn10030529", "mention": "汤哥", "pos_b": 83, "pos_e": 85} ,
{"comment_id": 117, "entity_id": "dn10030529", "mention": "汤哥", "pos_b": 87, "pos_e": 89} ,
{"comment_id": 118, "entity_id": "dt10109199|dt10001602|dt10118592|dt10007625", "mention": "行尸走肉", "pos_b": 32, "pos_e": 36} ,
{"comment_id": 119, "entity_id": "dt10013148", "mention": "谍影重重", "pos_b": 22, "pos_e": 26} ,
{"comment_id": 119, "entity_id": "dt10026148", "mention": "碟中谍4", "pos_b": 29, "pos_e": 33} ,
{"comment_id": 119, "entity_id": "dn10030529", "mention": "汤姆·克鲁斯", "pos_b": 105, "pos_e": 111} ,
{"comment_id": 120, "entity_id": "dt10123756|dt10019333|dt10077288", "mention": "行尸走肉", "pos_b": 36, "pos_e": 40} ,
{"comment_id": 121, "entity_id": "dt10038179", "mention": "死神来了", "pos_b": 92, "pos_e": 96} ,
{"comment_id": 122, "entity_id": "dt10031612|dt10091857|dt10011535|dt10082083|dt10066172", "mention": "X战警", "pos_b": 14, "pos_e": 17} ,
{"comment_id": 123, "entity_id": "dt10105844|dt10107582", "mention": "白夜行", "pos_b": 4, "pos_e": 7} ,
{"comment_id": 124, "entity_id": "dn10047571", "mention": "金庸", "pos_b": 6, "pos_e": 8} ,
{"comment_id": 124, "entity_id": "dt10007630", "mention": "倚天屠龙记", "pos_b": 35, "pos_e": 40} ,
{"comment_id": 125, "entity_id": "dt10092897|dt10096899|dt10108267|dt10013144", "mention": "天生一对", "pos_b": 3, "pos_e": 7} ,
{"comment_id": 125, "entity_id": "dn10025840", "mention": "仔仔", "pos_b": 9, "pos_e": 11} ,
{"comment_id": 125, "entity_id": "dn10000925", "mention": "梁小斌", "pos_b": 12, "pos_e": 15} ,
{"comment_id": 125, "entity_id": "dt10029087", "mention": "新天生一对", "pos_b": 17, "pos_e": 22} ,
{"comment_id": 126, "entity_id": "dt10108123", "mention": "兄弟连", "pos_b": 16, "pos_e": 19} ,
{"comment_id": 127, "entity_id": "dt10043525|dt10064362|dt10052375", "mention": "蝴蝶效应", "pos_b": 0, "pos_e": 4} ,
{"comment_id": 127, "entity_id": "dt10043525", "mention": "1", "pos_b": 15, "pos_e": 16} ,
{"comment_id": 127, "entity_id": "dt10064362", "mention": "2", "pos_b": 22, "pos_e": 23} ,
{"comment_id": 127, "entity_id": "dt10052375", "mention": "3", "pos_b": 29, "pos_e": 30} ,
{"comment_id": 128, "entity_id": "dn10035716", "mention": "余文乐", "pos_b": 90, "pos_e": 93} ,
{"comment_id": 129, "entity_id": "dt10022800", "mention": "触不到的恋人", "pos_b": 11, "pos_e": 17} ,
{"comment_id": 130, "entity_id": "dt10036937|dt10038672", "mention": "笑傲江湖", "pos_b": 5, "pos_e": 9} ,
{"comment_id": 132, "entity_id": "dt10071026", "mention": "水浒传", "pos_b": 1, "pos_e": 4} ,
{"comment_id": 133, "entity_id": "dt10094841", "mention": "汉尼拔", "pos_b": 16, "pos_e": 19} ,
{"comment_id": 134, "entity_id": "dt10023229", "mention": "红楼梦", "pos_b": 2, "pos_e": 5} ,
{"comment_id": 135, "entity_id": "dt10010694|dt10036937|dt10091870|dt10038672|dt10032262|dt10104980|dt10026470|dt10118804|dt10056120", "mention": "笑傲江湖", "pos_b": 18, "pos_e": 22} ,
{"comment_id": 135, "entity_id": "dn10019075", "mention": "吕颂贤", "pos_b": 32, "pos_e": 35} ,
{"comment_id": 136, "entity_id": "dt10002230", "mention": "兄弟", "pos_b": 0, "pos_e": 2} ,
{"comment_id": 136, "entity_id": "dn10029146", "mention": "苗侨伟", "pos_b": 4, "pos_e": 7} ,
{"comment_id": 136, "entity_id": "dn10051743", "mention": "黄日华", "pos_b": 8, "pos_e": 11} ,
{"comment_id": 136, "entity_id": "dn10066523", "mention": "汤镇业", "pos_b": 16, "pos_e": 19} ,
{"comment_id": 136, "entity_id": "dn10029774", "mention": "刘德华", "pos_b": 27, "pos_e": 30} ,
{"comment_id": 136, "entity_id": "dn10029762", "mention": "陈奕迅", "pos_b": 40, "pos_e": 43} ,
{"comment_id": 136, "entity_id": "dn10029762", "mention": "陈奕迅", "pos_b": 72, "pos_e": 75} ,
{"comment_id": 136, "entity_id": "dn10029774", "mention": "刘德华", "pos_b": 78, "pos_e": 81} ,
{"comment_id": 137, "entity_id": "dt10081274", "mention": "西游记", "pos_b": 26, "pos_e": 29} ,
{"comment_id": 138, "entity_id": "dt10066108|dt10010120|dt10005269", "mention": "吸血鬼日记", "pos_b": 11, "pos_e": 16} ,
{"comment_id": 139, "entity_id": "dt10037738", "mention": "封神榜", "pos_b": 8, "pos_e": 11} ,
{"comment_id": 140, "entity_id": "dn10040060", "mention": "卡梅隆", "pos_b": 0, "pos_e": 3} ,
{"comment_id": 140, "entity_id": "dt10110840", "mention": "异形", "pos_b": 42, "pos_e": 44} ,
{"comment_id": 140, "entity_id": "dn10029209", "mention": "斯科特", "pos_b": 58, "pos_e": 61} ,
{"comment_id": 141, "entity_id": "dn10052595", "mention": "张纪中", "pos_b": 6, "pos_e": 9} ,
{"comment_id": 141, "entity_id": "dt10018994", "mention": "天龙八部", "pos_b": 10, "pos_e": 14} ,
{"comment_id": 141, "entity_id": "dn10064706", "mention": "张燕", "pos_b": 34, "pos_e": 36} ,
{"comment_id": 142, "entity_id": "dn10069678", "mention": "林赛", "pos_b": 10, "pos_e": 12} ,
{"comment_id": 143, "entity_id": "dt10110459|dt10007017", "mention": "老男孩", "pos_b": 2, "pos_e": 5} ,
{"comment_id": 145, "entity_id": "dt10004454", "mention": "变形计第八季", "pos_b": 16, "pos_e": 22} ,
{"comment_id": 145, "entity_id": "dt10037475|dt10086089|dt10039981", "mention": "爸爸去哪儿", "pos_b": 62, "pos_e": 67} ,
{"comment_id": 147, "entity_id": "dt10061644", "mention": "我的野蛮女友", "pos_b": 5, "pos_e": 11} ,
{"comment_id": 147, "entity_id": "dn10023751", "mention": "杨·塞谬尔", "pos_b": 30, "pos_e": 35} ,
{"comment_id": 148, "entity_id": "dt10036344", "mention": "我的野蛮女友", "pos_b": 13, "pos_e": 19} ,
{"comment_id": 149, "entity_id": "dt10077693|dt10023982|dt10072209", "mention": "蜘蛛侠", "pos_b": 44, "pos_e": 47} ,
{"comment_id": 149, "entity_id": "dt10016855", "mention": "超凡蜘蛛侠", "pos_b": 50, "pos_e": 55} ,
{"comment_id": 150, "entity_id": "dt10037475|dt10086089", "mention": "爸爸去哪儿", "pos_b": 56, "pos_e": 61} ,
{"comment_id": 151, "entity_id": "dn10031922", "mention": "凯奇", "pos_b": 0, "pos_e": 2} ,
{"comment_id": 151, "entity_id": "dt10059691", "mention": "国家宝藏", "pos_b": 69, "pos_e": 73} ,
{"comment_id": 153, "entity_id": "dn10031922", "mention": "cage", "pos_b": 4, "pos_e": 8} ,
{"comment_id": 153, "entity_id": "dt10082286", "mention": "坏中尉", "pos_b": 9, "pos_e": 12} ,
{"comment_id": 153, "entity_id": "dt10104255", "mention": "the\tpiano", "pos_b": 84, "pos_e": 93} ,
{"comment_id": 154, "entity_id": "dn10045314", "mention": "大S", "pos_b": 18, "pos_e": 20} ,
{"comment_id": 154, "entity_id": "dn10035716", "mention": "余文乐", "pos_b": 56, "pos_e": 59} ,
{"comment_id": 154, "entity_id": "dn10005439", "mention": "黄秋生", "pos_b": 60, "pos_e": 63} ,
{"comment_id": 155, "entity_id": "dt10038179|dt10047277", "mention": "死神来了", "pos_b": 0, "pos_e": 4} ,
{"comment_id": 156, "entity_id": "dn10070331", "mention": "蜘蛛侠", "pos_b": 40, "pos_e": 43} ,
{"comment_id": 156, "entity_id": "dn10000179", "mention": "波斯王子", "pos_b": 48, "pos_e": 52} ,
{"comment_id": 156, "entity_id": "dn10031866", "mention": "小玛蒂尔达", "pos_b": 65, "pos_e": 70} ,
{"comment_id": 157, "entity_id": "dt10023229", "mention": "红楼梦", "pos_b": 4, "pos_e": 7} ,
{"comment_id": 158, "entity_id": "dt10102956|dt10004454|dt10106982|dt10014773|dt10058952", "mention": "变形计", "pos_b": 22, "pos_e": 25} ,
{"comment_id": 159, "entity_id": "dt10018994|dt10120110", "mention": "天龙八部", "pos_b": 13, "pos_e": 17} ,
{"comment_id": 160, "entity_id": "dt10045820|dt10099915|dt10010027", "mention": "前传三部曲", "pos_b": 2, "pos_e": 7} ,
{"comment_id": 160, "entity_id": "dt10106920", "mention": "星球大战", "pos_b": 99, "pos_e": 103} ,
{"comment_id": 160, "entity_id": "dn10063724", "mention": "艾德伍德", "pos_b": 120, "pos_e": 124} ,
{"comment_id": 161, "entity_id": "dt10023229|dt10114399|dt10103187|dt10095602|dt10034228|dt10123521|dt10003147|dt10066046|dt10052138|dt10055656", "mention": "红楼梦", "pos_b": 8, "pos_e": 11} ,
{"comment_id": 162, "entity_id": "dt1010013|dt10081274|dt10112883|dt10084051", "mention": "西游记", "pos_b": 4, "pos_e": 7} ,
{"comment_id": 163, "entity_id": "dt10004904|dt10041921|dt10007078|dt10126952|dt10083389|dt10027522|dt10000917|dt10029752|dt10068859", "mention": "哈利波特", "pos_b": 18, "pos_e": 22} ,
{"comment_id": 164, "entity_id": "dn10045584", "mention": "全智贤", "pos_b": 2, "pos_e": 5} ,
{"comment_id": 165, "entity_id": "dt10005711", "mention": "魔术师", "pos_b": 64, "pos_e": 67} ,
{"comment_id": 165, "entity_id": "dn10047499", "mention": "若顿", "pos_b": 74, "pos_e": 76} ,
{"comment_id": 166, "entity_id": "dt10010120", "mention": "吸血鬼日记", "pos_b": 9, "pos_e": 14} ,
{"comment_id": 167, "entity_id": "dn10034618", "mention": "哥哥", "pos_b": 15, "pos_e": 17} ,
{"comment_id": 167, "entity_id": "dt10056690", "mention": "倩女幽魂", "pos_b": 18, "pos_e": 22} ,
{"comment_id": 168, "entity_id": "dn10032893", "mention": "费拉拉", "pos_b": 14, "pos_e": 17} ,
{"comment_id": 170, "entity_id": "dt10108255", "mention": "国家宝藏", "pos_b": 24, "pos_e": 28} ,
{"comment_id": 171, "entity_id": "dt10099251", "mention": "剑雨", "pos_b": 0, "pos_e": 2} ,
{"comment_id": 171, "entity_id": "dn10050496", "mention": "戴立忍", "pos_b": 76, "pos_e": 79} ,
{"comment_id": 171, "entity_id": "dn10035716", "mention": "余文乐", "pos_b": 83, "pos_e": 86} ,
{"comment_id": 171, "entity_id": "dn10045314", "mention": "大S", "pos_b": 90, "pos_e": 92} ,
{"comment_id": 171, "entity_id": "dn10039404", "mention": "王学圻", "pos_b": 98, "pos_e": 101} ,
{"comment_id": 171, "entity_id": "dn10056296", "mention": "古龙", "pos_b": 105, "pos_e": 107} ,
{"comment_id": 171, "entity_id": "dn10068521", "mention": "琼瑶", "pos_b": 111, "pos_e": 113} ,
{"comment_id": 171, "entity_id": "dn10060121", "mention": "吴宇森", "pos_b": 130, "pos_e": 133} ,
{"comment_id": 171, "entity_id": "dn10060121", "mention": "吴宇森", "pos_b": 135, "pos_e": 138} ,
{"comment_id": 172, "entity_id": "dt10107582", "mention": "韩版", "pos_b": 2, "pos_e": 4} ,
{"comment_id": 172, "entity_id": "dt10105844", "mention": "白夜行", "pos_b": 25, "pos_e": 28} ,
{"comment_id": 172, "entity_id": "dt10038060", "mention": "杀人回忆", "pos_b": 46, "pos_e": 50} ,
{"comment_id": 172, "entity_id": "dn10023348", "mention": "东野圭吾", "pos_b": 107, "pos_e": 111} ,
{"comment_id": 173, "entity_id": "dn10055268", "mention": "达科塔·范宁", "pos_b": 6, "pos_e": 12} ,
{"comment_id": 174, "entity_id": "dt10031612", "mention": "X战警", "pos_b": 0, "pos_e": 3} ,
{"comment_id": 176, "entity_id": "dt10073123", "mention": "电锯惊魂", "pos_b": 7, "pos_e": 11} ,
{"comment_id": 177, "entity_id": "dt10066719", "mention": "三国演义", "pos_b": 1, "pos_e": 5} ,
{"comment_id": 180, "entity_id": "dt10099251", "mention": "剑雨", "pos_b": 0, "pos_e": 2} ,
{"comment_id": 180, "entity_id": "dn10060121", "mention": "吴宇森", "pos_b": 18, "pos_e": 21} ,
{"comment_id": 180, "entity_id": "dn10060121", "mention": "无语森", "pos_b": 22, "pos_e": 25} ,
{"comment_id": 180, "entity_id": "dn10056296", "mention": "古龙", "pos_b": 52, "pos_e": 54} ,
{"comment_id": 180, "entity_id": "dn10056296", "mention": "古龙", "pos_b": 74, "pos_e": 76} ,
{"comment_id": 180, "entity_id": "dn10068521", "mention": "琼瑶", "pos_b": 80, "pos_e": 82} ,
{"comment_id": 180, "entity_id": "dn10045314", "mention": "大S", "pos_b": 85, "pos_e": 87} ,
{"comment_id": 180, "entity_id": "dn10060121", "mention": "吴导", "pos_b": 110, "pos_e": 112} ,
{"comment_id": 181, "entity_id": "dt10030215", "mention": "了不起的盖茨比", "pos_b": 8, "pos_e": 15} ,
{"comment_id": 181, "entity_id": "dn10002595", "mention": "菲茨杰拉德", "pos_b": 22, "pos_e": 27} ,
{"comment_id": 182, "entity_id": "dt10038179", "mention": "死神来了", "pos_b": 25, "pos_e": 29} ,
{"comment_id": 183, "entity_id": "dt10007078", "mention": "火焰杯", "pos_b": 0, "pos_e": 3} ,
{"comment_id": 183, "entity_id": "dt10004904|dt10041921|dt10007078|dt10126952|dt10083389|dt10027522|dt10000917|dt10029752|dt10068859", "mention": "哈利波特", "pos_b": 12, "pos_e": 16} ,
{"comment_id": 184, "entity_id": "dt10105844|dt10107582|dt10055584", "mention": "白夜行", "pos_b": 11, "pos_e": 14} ,
{"comment_id": 184, "entity_id": "dn10035966", "mention": "今井由贵", "pos_b": 15, "pos_e": 19} ,
{"comment_id": 185, "entity_id": "dn10005430", "mention": "崛北真希", "pos_b": 0, "pos_e": 4} ,
{"comment_id": 185, "entity_id": "dn10062230", "mention": "张钧甯", "pos_b": 5, "pos_e": 8} ,
{"comment_id": 186, "entity_id": "dt10038934", "mention": "心慌方", "pos_b": 36, "pos_e": 39} ,
{"comment_id": 188, "entity_id": "dt10029683", "mention": "创可贴", "pos_b": 8, "pos_e": 11} ,
{"comment_id": 189, "entity_id": "dn10016183", "mention": "蒋勤勤", "pos_b": 17, "pos_e": 20} ,
{"comment_id": 189, "entity_id": "dt10077455", "mention": "青河绝恋", "pos_b": 23, "pos_e": 27} ,
{"comment_id": 189, "entity_id": "dt10018056", "mention": "半生缘", "pos_b": 34, "pos_e": 37} ,
{"comment_id": 190, "entity_id": "dt10036553", "mention": "源代码", "pos_b": 4, "pos_e": 7} ,
{"comment_id": 191, "entity_id": "dn10026222", "mention": "余华", "pos_b": 3, "pos_e": 5} ,
{"comment_id": 191, "entity_id": "dt10046192", "mention": "活着", "pos_b": 8, "pos_e": 10} ,
{"comment_id": 193, "entity_id": "dt10045131|dt10118843", "mention": "纸牌屋", "pos_b": 37, "pos_e": 40} ,
{"comment_id": 194, "entity_id": "dt10069892|dt10072326|dt10072458", "mention": "魔戒", "pos_b": 12, "pos_e": 14} ,
{"comment_id": 194, "entity_id": "dn10059890", "mention": "tolkien", "pos_b": 28, "pos_e": 35} ,
{"comment_id": 194, "entity_id": "dt10023078|dt10041624|dt10010199", "mention": "霍比特人", "pos_b": 45, "pos_e": 49} ,
{"comment_id": 194, "entity_id": "dn10036720", "mention": "皮特杰克逊", "pos_b": 68, "pos_e": 73} ,
{"comment_id": 195, "entity_id": "dn10006449", "mention": "高修", "pos_b": 12, "pos_e": 14} ,
{"comment_id": 195, "entity_id": "dn10005674", "mention": "堤真一", "pos_b": 15, "pos_e": 18} ,
{"comment_id": 196, "entity_id": "dt10007630", "mention": "倚天屠龙记", "pos_b": 9, "pos_e": 14} ,
{"comment_id": 196, "entity_id": "dn10020901", "mention": "邱淑贞", "pos_b": 30, "pos_e": 33} ,
{"comment_id": 196, "entity_id": "dn10020957", "mention": "张敏", "pos_b": 37, "pos_e": 39} ,
{"comment_id": 196, "entity_id": "dn10006947", "mention": "吴镇宇", "pos_b": 43, "pos_e": 46} ,
{"comment_id": 196, "entity_id": "dn10010362", "mention": "李连杰", "pos_b": 50, "pos_e": 53} ,
{"comment_id": 196, "entity_id": "dn10062561", "mention": "洪金宝", "pos_b": 59, "pos_e": 62} ,
{"comment_id": 197, "entity_id": "dn10005430", "mention": "堀北真希", "pos_b": 0, "pos_e": 4} ,
{"comment_id": 197, "entity_id": "dn10046007", "mention": "绫濑遥", "pos_b": 16, "pos_e": 19} ,
{"comment_id": 198, "entity_id": "dt10031612|dt10091857", "mention": "X战警", "pos_b": 1, "pos_e": 4} ,
{"comment_id": 199, "entity_id": "dt10054027", "mention": "电锯惊魂", "pos_b": 7, "pos_e": 11} ,
{"comment_id": 200, "entity_id": "dn10001966", "mention": "安妮海瑟薇", "pos_b": 14, "pos_e": 19} ,
{"comment_id": 201, "entity_id": "dt10110840", "mention": "第一部", "pos_b": 1, "pos_e": 4} ,
{"comment_id": 201, "entity_id": "dn10040060", "mention": "卡梅隆", "pos_b": 14, "pos_e": 17} ,
{"comment_id": 202, "entity_id": "dt10110459", "mention": "老男孩", "pos_b": 0, "pos_e": 3} ,
{"comment_id": 202, "entity_id": "dn10015695", "mention": "姜惠贞", "pos_b": 95, "pos_e": 98} ,
{"comment_id": 202, "entity_id": "dn10015695", "mention": "姜惠贞", "pos_b": 127, "pos_e": 130} ,
{"comment_id": 203, "entity_id": "dt10110840", "mention": "异形", "pos_b": 29, "pos_e": 31} ,
{"comment_id": 204, "entity_id": "dt10113452", "mention": "战争与和平", "pos_b": 46, "pos_e": 51} ,
{"comment_id": 205, "entity_id": "dt10000917|dt10068859", "mention": "哈利波特", "pos_b": 3, "pos_e": 7} ,
{"comment_id": 205, "entity_id": "dt10000917|dt10068859", "mention": "哈利波特", "pos_b": 34, "pos_e": 38} ,
{"comment_id": 206, "entity_id": "dt10069892|dt10072326|dt10072458", "mention": "指环王", "pos_b": 56, "pos_e": 59} ,
{"comment_id": 207, "entity_id": "dt10031212", "mention": "水浒传", "pos_b": 17, "pos_e": 20} ,
{"comment_id": 208, "entity_id": "dt10072326|dt10069892|dt10072458", "mention": "指环王", "pos_b": 4, "pos_e": 7} ,
{"comment_id": 209, "entity_id": "dt10123008", "mention": "窈窕淑女", "pos_b": 0, "pos_e": 4} ,
{"comment_id": 210, "entity_id": "dn10033558", "mention": "萧敬腾", "pos_b": 4, "pos_e": 7} ,
{"comment_id": 210, "entity_id": "dn10006449", "mention": "高修", "pos_b": 15, "pos_e": 17} ,
{"comment_id": 211, "entity_id": "dt10072210", "mention": "在世界中心呼唤爱", "pos_b": 30, "pos_e": 38} ,
{"comment_id": 211, "entity_id": "dt10022800|dt10066435", "mention": "触不到的恋人", "pos_b": 41, "pos_e": 47} ,
{"comment_id": 212, "entity_id": "dn10001905", "mention": "星爷", "pos_b": 40, "pos_e": 42} ,
{"comment_id": 213, "entity_id": "dn10045314", "mention": "大S", "pos_b": 68, "pos_e": 70} ,
{"comment_id": 213, "entity_id": "dn10025347", "mention": "杨幂", "pos_b": 73, "pos_e": 75} ,
{"comment_id": 213, "entity_id": "dt10122014", "mention": "痞子英雄", "pos_b": 85, "pos_e": 89} ,
{"comment_id": 213, "entity_id": "dn10035716", "mention": "余文乐", "pos_b": 117, "pos_e": 120} ,
{"comment_id": 214, "entity_id": "dn10028456", "mention": "卷福", "pos_b": 4, "pos_e": 6} ,
{"comment_id": 216, "entity_id": "dt10031612", "mention": "X战警", "pos_b": 0, "pos_e": 3} ,
{"comment_id": 216, "entity_id": "dn10035573", "mention": "休·杰克曼", "pos_b": 43, "pos_e": 48} ,
{"comment_id": 216, "entity_id": "dt10072326|dt10072458|dt10069892", "mention": "指环王", "pos_b": 60, "pos_e": 63} ,
{"comment_id": 216, "entity_id": "dn10028797", "mention": "Ian\tMcKellen", "pos_b": 76, "pos_e": 88} ,
{"comment_id": 216, "entity_id": "dn10036051", "mention": "Anna\tPaquin", "pos_b": 106, "pos_e": 117} ,
{"comment_id": 217, "entity_id": "dt10031212", "mention": "水浒传", "pos_b": 0, "pos_e": 3} ,
{"comment_id": 217, "entity_id": "dt10031212", "mention": "水浒", "pos_b": 32, "pos_e": 34} ,
{"comment_id": 218, "entity_id": "dn10062608", "mention": "任贤齐", "pos_b": 14, "pos_e": 17} ,
{"comment_id": 218, "entity_id": "dn10068520", "mention": "杨千嬅", "pos_b": 17, "pos_e": 20} ,
{"comment_id": 219, "entity_id": "dn10064162", "mention": "莱斯特", "pos_b": 53, "pos_e": 56} ,
{"comment_id": 219, "entity_id": "dn10028193|dn10036213", "mention": "科恩兄弟", "pos_b": 62, "pos_e": 66} ,
{"comment_id": 219, "entity_id": "dt10008655", "mention": "冰血暴", "pos_b": 67, "pos_e": 70} ,
{"comment_id": 219, "entity_id": "dn10042964|dn10037447", "mention": "弗里曼", "pos_b": 82, "pos_e": 85} ,
{"comment_id": 221, "entity_id": "dt10057589", "mention": "秘密", "pos_b": 55, "pos_e": 57} ,
{"comment_id": 222, "entity_id": "dn10047571", "mention": "金庸", "pos_b": 13, "pos_e": 15} ,
{"comment_id": 222, "entity_id": "dt10038672|dt10052828|dt10010694|dt10104980", "mention": "笑傲江湖", "pos_b": 47, "pos_e": 51} ,
{"comment_id": 223, "entity_id": "dt10039981", "mention": "爸爸去哪儿", "pos_b": 45, "pos_e": 50} ,
{"comment_id": 223, "entity_id": "dn10051049", "mention": "天天", "pos_b": 69, "pos_e": 71} ,
{"comment_id": 223, "entity_id": "dn10028897", "mention": "石头", "pos_b": 74, "pos_e": 76} ,
{"comment_id": 225, "entity_id": "dn10037239", "mention": "成龙", "pos_b": 0, "pos_e": 2} ,
{"comment_id": 226, "entity_id": "dt10016855", "mention": "蜘蛛侠", "pos_b": 7, "pos_e": 10} ,
{"comment_id": 227, "entity_id": "dt10126952|dt10027522|dt10007078|dt10004904|dt10041921|dt10000917|dt10029752", "mention": "哈利波特", "pos_b": 3, "pos_e": 7} ,
{"comment_id": 228, "entity_id": "dt10108255", "mention": "国家宝藏1", "pos_b": 6, "pos_e": 11} ,
{"comment_id": 229, "entity_id": "dt10009432|dt10112709|dt10126450|dt10105103|dt10009432", "mention": "简爱", "pos_b": 53, "pos_e": 55} ,
{"comment_id": 231, "entity_id": "dt10102558|dt10096739|dt10076922|dt10077522|dt10056690", "mention": "倩女幽魂", "pos_b": 16, "pos_e": 20} ,
{"comment_id": 231, "entity_id": "dn10049974|dn10010808", "mention": "徐克", "pos_b": 24, "pos_e": 26} ,
{"comment_id": 231, "entity_id": "dn10022326", "mention": "李翰祥", "pos_b": 27, "pos_e": 30} ,
{"comment_id": 231, "entity_id": "dn10051511", "mention": "刘亦菲", "pos_b": 35, "pos_e": 38} ,
{"comment_id": 231, "entity_id": "dn10007116", "mention": "余少群", "pos_b": 39, "pos_e": 42} ,
{"comment_id": 231, "entity_id": "dn10034618", "mention": "张国荣", "pos_b": 70, "pos_e": 73} ,
{"comment_id": 231, "entity_id": "dn10063246", "mention": "王祖贤", "pos_b": 74, "pos_e": 77} ,
{"comment_id": 231, "entity_id": "dn10040500", "mention": "古天乐", "pos_b": 119, "pos_e": 122} ,
{"comment_id": 231, "entity_id": "dt10093987", "mention": "单身男女", "pos_b": 123, "pos_e": 127} ,
{"comment_id": 233, "entity_id": "dt10029752", "mention": "哈利波特", "pos_b": 48, "pos_e": 52} ,
{"comment_id": 234, "entity_id": "dn1006419", "mention": "宋允儿", "pos_b": 0, "pos_e": 3} ,
{"comment_id": 235, "entity_id": "dt10115683|dt10020929|dt10030684|dt10110862|dt10078225|dt10007248|dt10120158|dt10055633|dt10041631", "mention": "三个火枪手", "pos_b": 19, "pos_e": 24} ,
{"comment_id": 236, "entity_id": "dt10075989", "mention": "告白", "pos_b": 15, "pos_e": 17} ,
{"comment_id": 236, "entity_id": "dn10034722", "mention": "中岛哲也", "pos_b": 18, "pos_e": 22} ,
{"comment_id": 237, "entity_id": "dn10035147", "mention": "吴彦祖", "pos_b": 22, "pos_e": 25} ,
{"comment_id": 239, "entity_id": "dt10028327", "mention": "了不起的盖茨比", "pos_b": 88, "pos_e": 95} ,
{"comment_id": 240, "entity_id": "dt10025307", "mention": "傲慢与偏见", "pos_b": 4, "pos_e": 9} ,
{"comment_id": 241, "entity_id": "dt10090725", "mention": "记忆裂痕", "pos_b": 38, "pos_e": 42} ,
{"comment_id": 241, "entity_id": "dt10087357", "mention": "少数派报告", "pos_b": 46, "pos_e": 51} ,
{"comment_id": 241, "entity_id": "dt10120399", "mention": "命运规划局", "pos_b": 55, "pos_e": 60} ,
{"comment_id": 242, "entity_id": "dn10009279", "mention": "Harvey\tKeitel", "pos_b": 0, "pos_e": 13} ,
{"comment_id": 242, "entity_id": "dn10031922", "mention": "尼古拉斯凯奇", "pos_b": 31, "pos_e": 37} ,
{"comment_id": 243, "entity_id": "dn10052732", "mention": "李教练", "pos_b": 17, "pos_e": 20} ,
{"comment_id": 243, "entity_id": "dn10011768", "mention": "陶子", "pos_b": 29, "pos_e": 31} ,
{"comment_id": 244, "entity_id": "dt10108345", "mention": "武林外传", "pos_b": 18, "pos_e": 22} ,
{"comment_id": 245, "entity_id": "dt10069892|dt10072326|dt10072458", "mention": "魔戒", "pos_b": 36, "pos_e": 38} ,
{"comment_id": 245, "entity_id": "dt10030099|dt10068509", "mention": "海贼王", "pos_b": 121, "pos_e": 124} ,
{"comment_id": 245, "entity_id": "dt10009020", "mention": "加勒比海盗", "pos_b": 152, "pos_e": 157} ,
{"comment_id": 246, "entity_id": "dn10036720", "mention": "Peter\tJackson", "pos_b": 71, "pos_e": 84} ,
{"comment_id": 247, "entity_id": "dt10039981", "mention": "爸爸去哪儿", "pos_b": 122, "pos_e": 127} ,
{"comment_id": 248, "entity_id": "dt10010120|dt10029205|dt10066108|dt10005269", "mention": "吸血鬼日记", "pos_b": 23, "pos_e": 28} ,
{"comment_id": 249, "entity_id": "dt10070303", "mention": "回到未来", "pos_b": 14, "pos_e": 18} ,
{"comment_id": 250, "entity_id": "dn10064534", "mention": "斯派克·李", "pos_b": 19, "pos_e": 24} ,
{"comment_id": 251, "entity_id": "dt10002301", "mention": "夏洛克遇见华生", "pos_b": 11, "pos_e": 18} ,
{"comment_id": 253, "entity_id": "dt10043525", "mention": "蝴蝶效应1", "pos_b": 9, "pos_e": 14} ,
{"comment_id": 256, "entity_id": "dt10074432|dt10125110|dt10073975", "mention": "画皮", "pos_b": 3, "pos_e": 5} ,
{"comment_id": 256, "entity_id": "dn10045756", "mention": "凌哥", "pos_b": 76, "pos_e": 78} ,
{"comment_id": 257, "entity_id": "dt10023593", "mention": "射雕英雄传", "pos_b": 7, "pos_e": 12} ,
{"comment_id": 258, "entity_id": "dt10108255", "mention": "惊天夺宝", "pos_b": 4, "pos_e": 8} ,
{"comment_id": 258, "entity_id": "dt10108255", "mention": "国家财宝", "pos_b": 11, "pos_e": 15} ,
{"comment_id": 258, "entity_id": "dt10108255", "mention": "国家财富", "pos_b": 17, "pos_e": 21} ,
{"comment_id": 258, "entity_id": "dt10108255", "mention": "国家宝藏", "pos_b": 23, "pos_e": 27} ,
{"comment_id": 258, "entity_id": "dn10049921", "mention": "乔恩\t特图陶布", "pos_b": 31, "pos_e": 38} ,
{"comment_id": 258, "entity_id": "dn10049921", "mention": "Jon\tTurteltaub", "pos_b": 39, "pos_e": 53} ,
{"comment_id": 258, "entity_id": "dn10031922", "mention": "Nicolas\tCage", "pos_b": 58, "pos_e": 70} ,
{"comment_id": 258, "entity_id": "dn10010746", "mention": "Diane\tKruger", "pos_b": 73, "pos_e": 85} ,
{"comment_id": 259, "entity_id": "dt10047348|dt10086762", "mention": "我是歌手", "pos_b": 0, "pos_e": 4} ,
{"comment_id": 260, "entity_id": "dn10041815", "mention": "抖森", "pos_b": 0, "pos_e": 2} ,
{"comment_id": 261, "entity_id": "dn10052595", "mention": "大胡子", "pos_b": 0, "pos_e": 3} ,
{"comment_id": 261, "entity_id": "dn10000284", "mention": "于麻麻", "pos_b": 14, "pos_e": 17} ,
{"comment_id": 261, "entity_id": "dn10055524", "mention": "赖水清", "pos_b": 17, "pos_e": 20} ,
{"comment_id": 261, "entity_id": "dt10018994", "mention": "天龙八部", "pos_b": 45, "pos_e": 49} ,
{"comment_id": 261, "entity_id": "dt10089339|dt10023593", "mention": "射雕", "pos_b": 86, "pos_e": 88} ,
{"comment_id": 262, "entity_id": "dt10112941|dt10112709|dt10126450|dt10105103|dt10039241|dt10118666|dt10009432|dt10073449", "mention": "简爱", "pos_b": 4, "pos_e": 6} ,
{"comment_id": 263, "entity_id": "dt10000387", "mention": "触不可及", "pos_b": 29, "pos_e": 33} ,
{"comment_id": 264, "entity_id": "dt10060451", "mention": "超凡蜘蛛侠3", "pos_b": 55, "pos_e": 61} ,
{"comment_id": 265, "entity_id": "dn10041815", "mention": "抖森", "pos_b": 0, "pos_e": 2} ,
{"comment_id": 265, "entity_id": "dn10041815", "mention": "抖森", "pos_b": 45, "pos_e": 47} ,
{"comment_id": 265, "entity_id": "dn10041815", "mention": "抖森", "pos_b": 115, "pos_e": 117} ,
{"comment_id": 266, "entity_id": "dn10011866|dn10049569", "mention": "姜大卫", "pos_b": 5, "pos_e": 8} ,
{"comment_id": 266, "entity_id": "dn10045644", "mention": "Mia\tFarrow", "pos_b": 13, "pos_e": 23} ,
{"comment_id": 266, "entity_id": "dn10010207", "mention": "Mulligan", "pos_b": 45, "pos_e": 53} ,
{"comment_id": 267, "entity_id": "dn10045584", "mention": "全智贤", "pos_b": 26, "pos_e": 29} ,
{"comment_id": 267, "entity_id": "dn10014671", "mention": "金秀贤", "pos_b": 45, "pos_e": 48} ,
{"comment_id": 268, "entity_id": "dt10081274", "mention": "西游记", "pos_b": 20, "pos_e": 23} ,
{"comment_id": 269, "entity_id": "dt10097557", "mention": "三国演义", "pos_b": 27, "pos_e": 31} ,
{"comment_id": 270, "entity_id": "dt10102956|dt10004454|dt10014773|dt10106982|dt10058952", "mention": "变形计", "pos_b": 24, "pos_e": 27} ,
{"comment_id": 271, "entity_id": "dt10072326|dt10072458|dt10069892", "mention": "指环王", "pos_b": 5, "pos_e": 8} ,
{"comment_id": 272, "entity_id": "dt10015338|dt10043567|dt10003683", "mention": "中国好声音", "pos_b": 27, "pos_e": 32} ,
{"comment_id": 272, "entity_id": "dn10002697", "mention": "哈林", "pos_b": 37, "pos_e": 39} ,
{"comment_id": 272, "entity_id": "dn10060384", "mention": "华少", "pos_b": 40, "pos_e": 42} ,
{"comment_id": 274, "entity_id": "dn10036720", "mention": "Peter\tJackson", "pos_b": 113, "pos_e": 126} ,
{"comment_id": 275, "entity_id": "dn10037239", "mention": "成龙", "pos_b": 0, "pos_e": 2} ,
{"comment_id": 275, "entity_id": "dn10003822", "mention": "谢霆锋", "pos_b": 3, "pos_e": 6} ,
{"comment_id": 276, "entity_id": "dn10040816", "mention": "孙红雷", "pos_b": 0, "pos_e": 3} ,
{"comment_id": 276, "entity_id": "dt10111160", "mention": "潜伏", "pos_b": 7, "pos_e": 9} ,
{"comment_id": 276, "entity_id": "dn10020299", "mention": "桂纶镁", "pos_b": 41, "pos_e": 44} ,
{"comment_id": 276, "entity_id": "dn10050288", "mention": "黄磊", "pos_b": 82, "pos_e": 84} ,
{"comment_id": 276, "entity_id": "dn10016183", "mention": "蒋勤勤", "pos_b": 88, "pos_e": 91} ,
{"comment_id": 276, "entity_id": "dn10007219", "mention": "方中信", "pos_b": 96, "pos_e": 99} ,
{"comment_id": 276, "entity_id": "dn10049183", "mention": "赵宝刚", "pos_b": 104, "pos_e": 107} ,
{"comment_id": 276, "entity_id": "dt10018531", "mention": "老有所依", "pos_b": 119, "pos_e": 123} ,
{"comment_id": 276, "entity_id": "dt10044678", "mention": "触不可及", "pos_b": 129, "pos_e": 133} ,
{"comment_id": 277, "entity_id": "dt10066719", "mention": "老三国", "pos_b": 3, "pos_e": 6} ,
{"comment_id": 277, "entity_id": "dt10091801", "mention": "新三国", "pos_b": 11, "pos_e": 14} ,
{"comment_id": 277, "entity_id": "dt10091801", "mention": "新三国", "pos_b": 43, "pos_e": 46} ,
{"comment_id": 278, "entity_id": "dt10015338", "mention": "中国好声音", "pos_b": 34, "pos_e": 39} ,
{"comment_id": 278, "entity_id": "dt10015338", "mention": "中国好声音", "pos_b": 56, "pos_e": 61} ,
{"comment_id": 279, "entity_id": "dt10004904", "mention": "魔法石", "pos_b": 3, "pos_e": 6} ,
{"comment_id": 279, "entity_id": "dt10126952|dt10027522|dt10007078", "mention": "哈利波特", "pos_b": 20, "pos_e": 24} ,
{"comment_id": 280, "entity_id": "dt10024349", "mention": "加勒比海盗系列第三部之世界的尽头", "pos_b": 0, "pos_e": 16} ,
{"comment_id": 280, "entity_id": "dn10063441", "mention": "发哥", "pos_b": 91, "pos_e": 93} ,
{"comment_id": 281, "entity_id": "dn10037628", "mention": "叶璇", "pos_b": 6, "pos_e": 8} ,
{"comment_id": 281, "entity_id": "dn10045314", "mention": "大S", "pos_b": 9, "pos_e": 11} ,
{"comment_id": 281, "entity_id": "dn10037628", "mention": "叶璇", "pos_b": 13, "pos_e": 15} ,
{"comment_id": 281, "entity_id": "dn10005439", "mention": "黄秋生", "pos_b": 17, "pos_e": 20} ,
{"comment_id": 281, "entity_id": "dn10037628", "mention": "叶璇", "pos_b": 32, "pos_e": 34} ,
{"comment_id": 281, "entity_id": "dn10045314", "mention": "大S", "pos_b": 39, "pos_e": 41} ,
{"comment_id": 281, "entity_id": "dn10037628", "mention": "叶璇", "pos_b": 49, "pos_e": 51} ,
{"comment_id": 281, "entity_id": "dn10005439", "mention": "黄秋生", "pos_b": 52, "pos_e": 55} ,
{"comment_id": 281, "entity_id": "dn10045314", "mention": "大S", "pos_b": 66, "pos_e": 68} ,
{"comment_id": 281, "entity_id": "dn10035716", "mention": "余文乐", "pos_b": 81, "pos_e": 84} ,
{"comment_id": 282, "entity_id": "dn10011304", "mention": "sam", "pos_b": 26, "pos_e": 29} ,
{"comment_id": 282, "entity_id": "dt10077693", "mention": "蜘蛛侠", "pos_b": 32, "pos_e": 35} ,
{"comment_id": 282, "entity_id": "dn10070331", "mention": "Tobey", "pos_b": 70, "pos_e": 75} ,
{"comment_id": 282, "entity_id": "dn10030125", "mention": "克里斯汀", "pos_b": 101, "pos_e": 105} ,
{"comment_id": 282, "entity_id": "dt10023982", "mention": "蜘蛛侠3", "pos_b": 114, "pos_e": 118} ,
{"comment_id": 283, "entity_id": "dt10122859", "mention": "三国演义", "pos_b": 2, "pos_e": 6} ,
{"comment_id": 284, "entity_id": "dn10025840", "mention": "仔仔", "pos_b": 5, "pos_e": 7} ,
{"comment_id": 285, "entity_id": "dt10110459", "mention": "老男孩", "pos_b": 8, "pos_e": 11} ,
{"comment_id": 285, "entity_id": "dn10059751", "mention": "Elizabeth\tOlsen", "pos_b": 47, "pos_e": 62} ,
{"comment_id": 285, "entity_id": "dn10028669", "mention": "塞缪尔", "pos_b": 124, "pos_e": 127} ,
{"comment_id": 286, "entity_id": "dn10043315", "mention": "Robert\tRedford", "pos_b": 28, "pos_e": 42} ,
{"comment_id": 286, "entity_id": "dn10045644", "mention": "Mia\tFarrow", "pos_b": 54, "pos_e": 64} ,
{"comment_id": 287, "entity_id": "dt10102956|dt10004454|dt10014773|dt10106982|dt10058952", "mention": "变形计", "pos_b": 16, "pos_e": 19} ,
{"comment_id": 288, "entity_id": "dt10107582", "mention": "白夜行", "pos_b": 8, "pos_e": 11} ,
{"comment_id": 289, "entity_id": "dt10037475|dt10086089", "mention": "爸爸去哪儿", "pos_b": 16, "pos_e": 21} ,
{"comment_id": 290, "entity_id": "dt10100130", "mention": "西游记", "pos_b": 7, "pos_e": 10} ,
{"comment_id": 292, "entity_id": "dn10005921", "mention": "梅婷", "pos_b": 9, "pos_e": 11} ,
{"comment_id": 292, "entity_id": "dn10028811", "mention": "林嘉欣", "pos_b": 13, "pos_e": 16} ,
{"comment_id": 292, "entity_id": "dn10028811", "mention": "林嘉欣", "pos_b": 19, "pos_e": 22} ,
{"comment_id": 292, "entity_id": "dn10005921", "mention": "梅婷", "pos_b": 27, "pos_e": 29} ,
{"comment_id": 292, "entity_id": "dn10009613", "mention": "冯远征", "pos_b": 33, "pos_e": 36} ,
{"comment_id": 293, "entity_id": "dn10019447", "mention": "郭涛", "pos_b": 7, "pos_e": 9} ,
{"comment_id": 293, "entity_id": "dt10039981|dt10037475|dt10086089", "mention": "爸爸去哪儿", "pos_b": 33, "pos_e": 38} ,
{"comment_id": 293, "entity_id": "dn10045298", "mention": "振锁哥", "pos_b": 63, "pos_e": 66} ,
{"comment_id": 293, "entity_id": "dn10051049", "mention": "天", "pos_b": 85, "pos_e": 86} ,
{"comment_id": 293, "entity_id": "dn10004136", "mention": "橙", "pos_b": 86, "pos_e": 87} ,
{"comment_id": 293, "entity_id": "dn10028897", "mention": "石", "pos_b": 87, "pos_e": 88} ,
{"comment_id": 293, "entity_id": "dn10050979", "mention": "诗", "pos_b": 89, "pos_e": 90} ,
{"comment_id": 293, "entity_id": "dn10019447", "mention": "郭涛", "pos_b": 101, "pos_e": 103} ,
{"comment_id": 294, "entity_id": "dt10061274", "mention": "碟中谍", "pos_b": 20, "pos_e": 23} ,
{"comment_id": 295, "entity_id": "dn10009743", "mention": "阿娇", "pos_b": 0, "pos_e": 2} ,
{"comment_id": 296, "entity_id": "dt10115683|dt10020929", "mention": "三个火枪手", "pos_b": 20, "pos_e": 25} ,
{"comment_id": 297, "entity_id": "dt10007108", "mention": "Passenger", "pos_b": 0, "pos_e": 9} ,
{"comment_id": 298, "entity_id": "dt10113923|dt10120586", "mention": "Threesome", "pos_b": 5, "pos_e": 14} ,
{"comment_id": 298, "entity_id": "dt10088938", "mention": "gangster", "pos_b": 23, "pos_e": 31} ,
{"comment_id": 298, "entity_id": "dn10010207", "mention": "carey\tmulligan", "pos_b": 43, "pos_e": 57} ,
{"comment_id": 299, "entity_id": "dn10000284", "mention": "于妈", "pos_b": 6, "pos_e": 8} ,
{"comment_id": 299, "entity_id": "dn10047571", "mention": "金老", "pos_b": 73, "pos_e": 75} ,
{"comment_id": 300, "entity_id": "dt10030215", "mention": "了不起的盖茨比1974版", "pos_b": 0, "pos_e": 12} ,
{"comment_id": 301, "entity_id": "dt10118946", "mention": "星际迷航", "pos_b": 35, "pos_e": 39} ,
{"comment_id": 301, "entity_id": "dt10026148", "mention": "碟中谍4", "pos_b": 93, "pos_e": 97} ,
{"comment_id": 302, "entity_id": "dt10015338|dt10043567|dt10003683", "mention": "中国好声音", "pos_b": 15, "pos_e": 20} ,
{"comment_id": 303, "entity_id": "dt10081274", "mention": "西游记", "pos_b": 5, "pos_e": 8} ,
{"comment_id": 303, "entity_id": "dn10069419", "mention": "吴承恩", "pos_b": 41, "pos_e": 44} ,
{"comment_id": 305, "entity_id": "dn10035384", "mention": "金允珍", "pos_b": 0, "pos_e": 3} ,
{"comment_id": 305, "entity_id": "dt10036100", "mention": "六月日记", "pos_b": 15, "pos_e": 19} ,
{"comment_id": 305, "entity_id": "dt10063258", "mention": "七天", "pos_b": 19, "pos_e": 21} ,
{"comment_id": 305, "entity_id": "dt10111852", "mention": "邻居", "pos_b": 24, "pos_e": 26} ,
{"comment_id": 306, "entity_id": "dt10039981", "mention": "爸爸去哪儿", "pos_b": 5, "pos_e": 10} ,
{"comment_id": 307, "entity_id": "dt10093904|dt10094049|dt10015636", "mention": "还珠格格", "pos_b": 15, "pos_e": 19} ,
{"comment_id": 307, "entity_id": "dt10120110", "mention": "天龙八部", "pos_b": 81, "pos_e": 85} ,
{"comment_id": 307, "entity_id": "dt10093904|dt10094049|dt10015636", "mention": "还珠格格", "pos_b": 116, "pos_e": 120} ,
{"comment_id": 307, "entity_id": "dt10120110", "mention": "天龙八部", "pos_b": 123, "pos_e": 127} ,
{"comment_id": 308, "entity_id": "dt10069892|dt10072326|dt10072458", "mention": "指环王", "pos_b": 8, "pos_e": 11} ,
{"comment_id": 309, "entity_id": "dt10043525|dt10064362|dt10052375", "mention": "蝴蝶效应", "pos_b": 18, "pos_e": 22} ,
{"comment_id": 310, "entity_id": "dt10107621", "mention": "黑客帝国", "pos_b": 1, "pos_e": 5} ,
{"comment_id": 312, "entity_id": "dt10069892|dt10072326|dt10072458", "mention": "指环王", "pos_b": 59, "pos_e": 62} ,
{"comment_id": 312, "entity_id": "dt10009020", "mention": "加勒比海盗", "pos_b": 126, "pos_e": 131} ,
{"comment_id": 312, "entity_id": "dt10021653", "mention": "变形金刚", "pos_b": 131, "pos_e": 135} ,
{"comment_id": 312, "entity_id": "dt10066973", "mention": "角斗士", "pos_b": 137, "pos_e": 140} ,
{"comment_id": 313, "entity_id": "dt10126952|dt10027522|dt10007078|dt10004904|dt10041921|dt10000917|dt10029752", "mention": "哈利波特", "pos_b": 73, "pos_e": 77} ,
{"comment_id": 314, "entity_id": "dn10036484", "mention": "大卫芬奇", "pos_b": 0, "pos_e": 4} ,
{"comment_id": 314, "entity_id": "dn10030314", "mention": "凯文·史派西", "pos_b": 6, "pos_e": 12} ,
{"comment_id": 314, "entity_id": "dn10047484", "mention": "罗宾·怀特", "pos_b": 13, "pos_e": 18} ,
{"comment_id": 314, "entity_id": "dn10056403", "mention": "凯特·玛拉", "pos_b": 60, "pos_e": 65} ,
{"comment_id": 314, "entity_id": "dn10055544", "mention": "安娜·肯德里克", "pos_b": 69, "pos_e": 76} ,
{"comment_id": 316, "entity_id": "dt10073982", "mention": "魔术师", "pos_b": 22, "pos_e": 25} ,
{"comment_id": 316, "entity_id": "dt10073982", "mention": "L'illusionniste", "pos_b": 25, "pos_e": 40} ,
{"comment_id": 316, "entity_id": "dt10041925", "mention": "魔道争锋", "pos_b": 56, "pos_e": 60} ,
{"comment_id": 316, "entity_id": "dt10041925", "mention": "The\tPrestige", "pos_b": 60, "pos_e": 72} ,
{"comment_id": 317, "entity_id": "dn10035075|dn10025840|dn10019666|dn10004552", "mention": "F4", "pos_b": 25, "pos_e": 27} ,
{"comment_id": 317, "entity_id": "dn10035075", "mention": "言承旭", "pos_b": 28, "pos_e": 31} ,
{"comment_id": 317, "entity_id": "dn10025840", "mention": "仔仔", "pos_b": 32, "pos_e": 34} ,
{"comment_id": 317, "entity_id": "dn10035075", "mention": "言承旭", "pos_b": 40, "pos_e": 43} ,
{"comment_id": 317, "entity_id": "dn10025840", "mention": "仔仔", "pos_b": 53, "pos_e": 55} ,
{"comment_id": 317, "entity_id": "dn10035075|dn10025840|dn10019666|dn10004552", "mention": "F4", "pos_b": 77, "pos_e": 79} ,
{"comment_id": 318, "entity_id": "dn10060014", "mention": "翁美玲", "pos_b": 3, "pos_e": 6} ,
{"comment_id": 318, "entity_id": "dt10023593|dt10004172", "mention": "射雕英雄传", "pos_b": 21, "pos_e": 26} ,
{"comment_id": 318, "entity_id": "dn10069042", "mention": "张智霖", "pos_b": 31, "pos_e": 34} ,
{"comment_id": 318, "entity_id": "dn10051672", "mention": "朱茵", "pos_b": 38, "pos_e": 40} ,
{"comment_id": 318, "entity_id": "dn10036499", "mention": "罗嘉良", "pos_b": 50, "pos_e": 53} ]
