[ {"comment_id": 0, "entity_id": "dt10082083", "mention": "X战警：逆转未来", "pos_b": 22, "pos_e": 30} ,
{"comment_id": 0, "entity_id": "dt10032554", "mention": "明日边缘", "pos_b": 31, "pos_e": 35} ,
{"comment_id": 0, "entity_id": "dt10118946", "mention": "星际迷航", "pos_b": 709, "pos_e": 713} ,
{"comment_id": 0, "entity_id": "dt10106461", "mention": "神秘博士", "pos_b": 855, "pos_e": 859} ,
{"comment_id": 0, "entity_id": "dt10111927", "mention": "星际之门", "pos_b": 887, "pos_e": 891} ,
{"comment_id": 0, "entity_id": "dt10118946", "mention": "星际迷航11", "pos_b": 988, "pos_e": 994} ,
{"comment_id": 0, "entity_id": "dt10106645", "mention": "黑衣人3", "pos_b": 1229, "pos_e": 1233} ,
{"comment_id": 0, "entity_id": "dt10049118", "mention": "波斯王子", "pos_b": 1254, "pos_e": 1258} ,
{"comment_id": 0, "entity_id": "dt10068859", "mention": "阿兹卡班囚徒", "pos_b": 1263, "pos_e": 1269} ,
{"comment_id": 0, "entity_id": "dt10109350", "mention": "英雄", "pos_b": 1288, "pos_e": 1290} ,
{"comment_id": 0, "entity_id": "dt10110959", "mention": "时空恋旅人", "pos_b": 1296, "pos_e": 1301} ,
{"comment_id": 0, "entity_id": "dt10059734", "mention": "热浴盆时光机", "pos_b": 1321, "pos_e": 1327} ,
{"comment_id": 0, "entity_id": "dt10093464", "mention": "时空急转弯", "pos_b": 1328, "pos_e": 1333} ,
{"comment_id": 0, "entity_id": "dt10101984", "mention": "阴阳魔界", "pos_b": 1607, "pos_e": 1611} ,
{"comment_id": 0, "entity_id": "dn10007364", "mention": "威尔斯", "pos_b": 1812, "pos_e": 1815} ,
{"comment_id": 0, "entity_id": "dt10077305", "mention": "时间机器", "pos_b": 1820, "pos_e": 1824} ,
{"comment_id": 0, "entity_id": "dt10106461", "mention": "神秘博士", "pos_b": 1913, "pos_e": 1917} ,
{"comment_id": 0, "entity_id": "dt10083167", "mention": "终结者", "pos_b": 2139, "pos_e": 2142} ,
{"comment_id": 0, "entity_id": "dt10082083", "mention": "逆转未来", "pos_b": 2216, "pos_e": 2220} ,
{"comment_id": 0, "entity_id": "dt10083894", "mention": "死亡幻觉", "pos_b": 2445, "pos_e": 2449} ,
{"comment_id": 0, "entity_id": "dt10070303", "mention": "回到未来", "pos_b": 2546, "pos_e": 2550} ,
{"comment_id": 0, "entity_id": "dt10082083", "mention": "逆转未来", "pos_b": 2699, "pos_e": 2703} ,
{"comment_id": 0, "entity_id": "dt10070303", "mention": "回到未来", "pos_b": 2996, "pos_e": 3000} ,
{"comment_id": 0, "entity_id": "dt10000534", "mention": "重返中世纪", "pos_b": 3028, "pos_e": 3033} ,
{"comment_id": 0, "entity_id": "dt10036553", "mention": "源代码", "pos_b": 3127, "pos_e": 3130} ,
{"comment_id": 0, "entity_id": "dt10061866", "mention": "费城实验", "pos_b": 3431, "pos_e": 3435} ,
{"comment_id": 0, "entity_id": "dt10014505", "mention": "两世奇人", "pos_b": 3436, "pos_e": 3440} ,
{"comment_id": 0, "entity_id": "dt10093464", "mention": "时空急转弯", "pos_b": 3441, "pos_e": 3446} ,
{"comment_id": 0, "entity_id": "dt10088393", "mention": "人猿星球", "pos_b": 3474, "pos_e": 3478} ,
{"comment_id": 0, "entity_id": "dt10077305", "mention": "时间机器", "pos_b": 3479, "pos_e": 3483} ,
{"comment_id": 0, "entity_id": "dt10065313", "mention": "蠢蛋进化论", "pos_b": 3484, "pos_e": 3489} ,
{"comment_id": 0, "entity_id": "dt10023456", "mention": "人生遥控器", "pos_b": 3569, "pos_e": 3574} ,
{"comment_id": 0, "entity_id": "dt10011063", "mention": "女孩梦三十", "pos_b": 3575, "pos_e": 3580} ,
{"comment_id": 0, "entity_id": "dt10018261", "mention": "时间隧道", "pos_b": 3721, "pos_e": 3725} ,
{"comment_id": 0, "entity_id": "dt10118932", "mention": "时空游侠", "pos_b": 3726, "pos_e": 3730} ,
{"comment_id": 0, "entity_id": "dt10106461", "mention": "神秘博士", "pos_b": 3786, "pos_e": 3790} ,
{"comment_id": 0, "entity_id": "dt10114183", "mention": "比尔和泰德历险记", "pos_b": 3881, "pos_e": 3889} ,
{"comment_id": 0, "entity_id": "dt10069433", "mention": "天才眼镜狗", "pos_b": 3890, "pos_e": 3895} ,
{"comment_id": 0, "entity_id": "dt10014228", "mention": "鬼玩人3", "pos_b": 3901, "pos_e": 3905} ,
{"comment_id": 0, "entity_id": "dt10106461", "mention": "神秘博士", "pos_b": 3970, "pos_e": 3974} ,
{"comment_id": 0, "entity_id": "dt10068859", "mention": "阿兹卡班的囚徒", "pos_b": 4152, "pos_e": 4159} ,
{"comment_id": 0, "entity_id": "dt10062316", "mention": "王牌大贱谍", "pos_b": 4160, "pos_e": 4165} ,
{"comment_id": 0, "entity_id": "dt10121203", "mention": "决胜时空战区", "pos_b": 4166, "pos_e": 4172} ,
{"comment_id": 0, "entity_id": "dt10106645", "mention": "黑衣人3", "pos_b": 4173, "pos_e": 4177} ,
{"comment_id": 0, "entity_id": "dt10118946", "mention": "星际迷航", "pos_b": 4180, "pos_e": 4184} ,
{"comment_id": 0, "entity_id": "dt10032107", "mention": "超越时间线", "pos_b": 4237, "pos_e": 4242} ,
{"comment_id": 0, "entity_id": "dt10109350", "mention": "英雄", "pos_b": 4252, "pos_e": 4254} ,
{"comment_id": 0, "entity_id": "dt10026486", "mention": "星际之门", "pos_b": 4282, "pos_e": 4286} ,
{"comment_id": 0, "entity_id": "dt10049118", "mention": "波斯王子", "pos_b": 4296, "pos_e": 4300} ,
{"comment_id": 0, "entity_id": "dt10083894", "mention": "死亡幻觉", "pos_b": 4420, "pos_e": 4424} ,
{"comment_id": 0, "entity_id": "dt10089630", "mention": "环形使者", "pos_b": 4425, "pos_e": 4429} ,
{"comment_id": 0, "entity_id": "dt10070303", "mention": "回到未来", "pos_b": 4462, "pos_e": 4466} ,
{"comment_id": 0, "entity_id": "dt10043525", "mention": "蝴蝶效应", "pos_b": 4467, "pos_e": 4471} ,
{"comment_id": 0, "entity_id": "dt10022491", "mention": "史前新纪元", "pos_b": 4553, "pos_e": 4558} ,
{"comment_id": 0, "entity_id": "dt10079454", "mention": "堤", "pos_b": 4698, "pos_e": 4699} ,
{"comment_id": 0, "entity_id": "dt10094576", "mention": "十二猴子", "pos_b": 4744, "pos_e": 4748} ,
{"comment_id": 0, "entity_id": "dt10083167", "mention": "终结者", "pos_b": 4754, "pos_e": 4757} ,
{"comment_id": 0, "entity_id": "dt10088393", "mention": "人猿星球", "pos_b": 4863, "pos_e": 4867} ,
{"comment_id": 0, "entity_id": "dt10089630", "mention": "环形使者", "pos_b": 4923, "pos_e": 4927} ,
{"comment_id": 0, "entity_id": "dt10097492", "mention": "量子跳跃", "pos_b": 5087, "pos_e": 5091} ,
{"comment_id": 0, "entity_id": "dt10082083", "mention": "逆转未来", "pos_b": 5139, "pos_e": 5143} ,
{"comment_id": 0, "entity_id": "dt10023177", "mention": "黑洞频率", "pos_b": 5191, "pos_e": 5195} ,
{"comment_id": 0, "entity_id": "dt10090725", "mention": "致命报酬", "pos_b": 5227, "pos_e": 5231} ,
{"comment_id": 0, "entity_id": "dt10116004", "mention": "预见未来", "pos_b": 5232, "pos_e": 5236} ,
{"comment_id": 0, "entity_id": "dt10064384", "mention": "明日新闻", "pos_b": 5244, "pos_e": 5248} ,
{"comment_id": 0, "entity_id": "dt10097201", "mention": "死亡地带", "pos_b": 5249, "pos_e": 5253} ,
{"comment_id": 0, "entity_id": "dt10090016", "mention": "未来闪影", "pos_b": 5254, "pos_e": 5258} ,
{"comment_id": 0, "entity_id": "dt10077823", "mention": "土拨鼠之日", "pos_b": 5395, "pos_e": 5400} ,
{"comment_id": 0, "entity_id": "dt10036553", "mention": "源代码", "pos_b": 5520, "pos_e": 5523} ,
{"comment_id": 0, "entity_id": "dt10030656", "mention": "时空罪恶", "pos_b": 5524, "pos_e": 5528} ,
{"comment_id": 0, "entity_id": "dt10006638", "mention": "死亡游轮", "pos_b": 5529, "pos_e": 5533} ,
{"comment_id": 0, "entity_id": "dt10022809", "mention": "破日", "pos_b": 5534, "pos_e": 5536} ,
{"comment_id": 0, "entity_id": "dt10050381|dt10026994", "mention": "大话西游", "pos_b": 5582, "pos_e": 5586} ,
{"comment_id": 0, "entity_id": "dt10032554", "mention": "明日边缘", "pos_b": 5607, "pos_e": 5611} ,
{"comment_id": 0, "entity_id": "dt10083894", "mention": "死亡幻觉", "pos_b": 5846, "pos_e": 5850} ,
{"comment_id": 0, "entity_id": "dt10035964", "mention": "时空线索", "pos_b": 5851, "pos_e": 5855} ,
{"comment_id": 0, "entity_id": "dt10036553", "mention": "源代码", "pos_b": 5856, "pos_e": 5859} ,
{"comment_id": 0, "entity_id": "dt10030656", "mention": "时空罪恶", "pos_b": 5860, "pos_e": 5864} ,
{"comment_id": 0, "entity_id": "dt10006638", "mention": "死亡游轮", "pos_b": 5865, "pos_e": 5869} ,
{"comment_id": 0, "entity_id": "dt10089630", "mention": "环形使者", "pos_b": 5870, "pos_e": 5874} ,
{"comment_id": 0, "entity_id": "dt10082083", "mention": "逆转未来", "pos_b": 5959, "pos_e": 5963} ,
{"comment_id": 0, "entity_id": "dt10032554", "mention": "明日缘边", "pos_b": 5964, "pos_e": 5968} ,
{"comment_id": 0, "entity_id": "dt10083167", "mention": "终结者", "pos_b": 6012, "pos_e": 6015} ,
{"comment_id": 0, "entity_id": "dt10070303", "mention": "回到未来", "pos_b": 6016, "pos_e": 6020} ,
{"comment_id": 0, "entity_id": "dt10107621|dt10017888|dt10059165", "mention": "黑客帝国", "pos_b": 6083, "pos_e": 6087} ,
{"comment_id": 0, "entity_id": "dt10052637", "mention": "盗梦空间", "pos_b": 6088, "pos_e": 6092} ,
{"comment_id": 0, "entity_id": "dt10035964", "mention": "时空线索", "pos_b": 6134, "pos_e": 6138} ,
{"comment_id": 0, "entity_id": "dt10089630", "mention": "环形使者", "pos_b": 6139, "pos_e": 6143} ,
{"comment_id": 0, "entity_id": "dt10036553", "mention": "源代码", "pos_b": 6144, "pos_e": 6147} ,
{"comment_id": 0, "entity_id": "dt10030773", "mention": "星际穿越", "pos_b": 6195, "pos_e": 6199} ,
{"comment_id": 0, "entity_id": "dn10036729", "mention": "诺兰", "pos_b": 6202, "pos_e": 6204} ,
{"comment_id": 0, "entity_id": "dt10088393", "mention": "人猿星球", "pos_b": 6244, "pos_e": 6248} ,
{"comment_id": 0, "entity_id": "dt10070303", "mention": "回到未来", "pos_b": 6257, "pos_e": 6261} ,
{"comment_id": 0, "entity_id": "dt10083894", "mention": "死亡幻觉", "pos_b": 6291, "pos_e": 6295} ,
{"comment_id": 0, "entity_id": "dt10036553", "mention": "源代码", "pos_b": 6325, "pos_e": 6328} ,
{"comment_id": 0, "entity_id": "dt10089630", "mention": "环形使者", "pos_b": 6340, "pos_e": 6344} ,
{"comment_id": 0, "entity_id": "dt10094576", "mention": "十二猴子", "pos_b": 6361, "pos_e": 6365} ,
{"comment_id": 0, "entity_id": "dt10109350", "mention": "英雄", "pos_b": 6388, "pos_e": 6390} ,
{"comment_id": 0, "entity_id": "dt10104409", "mention": "迷失", "pos_b": 6391, "pos_e": 6393} ,
{"comment_id": 0, "entity_id": "dt10106461", "mention": "神秘博士", "pos_b": 6404, "pos_e": 6408} ,
{"comment_id": 0, "entity_id": "dt10006638", "mention": "死亡游轮", "pos_b": 6477, "pos_e": 6481} ,
{"comment_id": 0, "entity_id": "dt10030773", "mention": "星际穿越", "pos_b": 6553, "pos_e": 6557} ,
{"comment_id": 0, "entity_id": "dt10028638", "mention": "2001：太空漫游", "pos_b": 6572, "pos_e": 6581} ,
{"comment_id": 1, "entity_id": "dt10036903", "mention": "甜蜜电影", "pos_b": 156, "pos_e": 160} ,
{"comment_id": 1, "entity_id": "dt10036903", "mention": "Сладкий\tФильм", "pos_b": 160, "pos_e": 173} ,
{"comment_id": 1, "entity_id": "dn10002667", "mention": "杜尚•马卡维耶夫", "pos_b": 177, "pos_e": 185} ,
{"comment_id": 1, "entity_id": "dn10002667", "mention": "Dusan\tMakavejev", "pos_b": 185, "pos_e": 200} ,
{"comment_id": 1, "entity_id": "dn10002667", "mention": "杜尚", "pos_b": 201, "pos_e": 203} ,
{"comment_id": 1, "entity_id": "dn10070408", "mention": "库斯图里卡", "pos_b": 219, "pos_e": 224} ,
{"comment_id": 1, "entity_id": "dn10002667", "mention": "杜尚", "pos_b": 227, "pos_e": 229} ,
{"comment_id": 1, "entity_id": "dt10036903", "mention": "甜蜜电影", "pos_b": 265, "pos_e": 269} ,
{"comment_id": 1, "entity_id": "dn10008049", "mention": "尤戈·布特格雷特", "pos_b": 357, "pos_e": 365} ,
{"comment_id": 1, "entity_id": "dn10008049", "mention": "Jörg\tButtgereit", "pos_b": 365, "pos_e": 380} ,
{"comment_id": 1, "entity_id": "dt10029101", "mention": "粉红色的火烈鸟", "pos_b": 879, "pos_e": 886} ,
{"comment_id": 1, "entity_id": "dt10029101", "mention": "Pink\tFlamingos", "pos_b": 886, "pos_e": 900} ,
{"comment_id": 1, "entity_id": "dn10012677", "mention": "约翰·沃特斯", "pos_b": 904, "pos_e": 910} ,
{"comment_id": 1, "entity_id": "dn10012677", "mention": "John\tWaters", "pos_b": 910, "pos_e": 921} ,
{"comment_id": 1, "entity_id": "dt10035206", "mention": "人体蜈蚣", "pos_b": 1027, "pos_e": 1031} ,
{"comment_id": 1, "entity_id": "dt10035206", "mention": "2The\tHuman\tCentipede\tII", "pos_b": 1031, "pos_e": 1054} ,
{"comment_id": 1, "entity_id": "dn10048153", "mention": "汤姆·希克斯", "pos_b": 1058, "pos_e": 1064} ,
{"comment_id": 1, "entity_id": "dn10048153", "mention": "Tom\tSix", "pos_b": 1064, "pos_e": 1071} ,
{"comment_id": 1, "entity_id": "dt10035206", "mention": "人体蜈蚣2", "pos_b": 1110, "pos_e": 1115} ,
{"comment_id": 1, "entity_id": "dt10049883", "mention": "一个人和他的猪", "pos_b": 1191, "pos_e": 1198} ,
{"comment_id": 1, "entity_id": "dt10049883", "mention": "Vase\tde\tnoces", "pos_b": 1198, "pos_e": 1211} ,
{"comment_id": 1, "entity_id": "dn10019140", "mention": "蒂埃里·芝诺", "pos_b": 1215, "pos_e": 1221} ,
{"comment_id": 1, "entity_id": "dn10019140", "mention": "ThierryZéno", "pos_b": 1221, "pos_e": 1232} ,
{"comment_id": 1, "entity_id": "dt10011878", "mention": "下意识的残忍", "pos_b": 1321, "pos_e": 1327} ,
{"comment_id": 1, "entity_id": "dt10011878", "mention": "Subconscious\tCruelty", "pos_b": 1327, "pos_e": 1347} ,
{"comment_id": 1, "entity_id": "dn10014946", "mention": "卡里姆·胡桑", "pos_b": 1351, "pos_e": 1357} ,
{"comment_id": 1, "entity_id": "dn10014946", "mention": "Karim\tHussain", "pos_b": 1357, "pos_e": 1370} ,
{"comment_id": 1, "entity_id": "dt10011878", "mention": "下意识的残忍", "pos_b": 1395, "pos_e": 1401} ,
{"comment_id": 1, "entity_id": "dn10043462", "mention": "皮埃尔·保罗·帕索里尼", "pos_b": 1543, "pos_e": 1554} ,
{"comment_id": 1, "entity_id": "dn10043462", "mention": "Pier\tPaolo\tPasolini", "pos_b": 1554, "pos_e": 1573} ,
{"comment_id": 1, "entity_id": "dn10043462", "mention": "帕索里尼", "pos_b": 1615, "pos_e": 1619} ,
{"comment_id": 1, "entity_id": "dn10031816", "mention": "路西尔.维纶泰恩", "pos_b": 1691, "pos_e": 1699} ,
{"comment_id": 1, "entity_id": "dn10031816", "mention": "Lucifer\tValentine", "pos_b": 1699, "pos_e": 1716} ,
{"comment_id": 2, "entity_id": "dn10006732|dn10055767", "mention": "路易斯·布努埃尔", "pos_b": 31, "pos_e": 39} ,
{"comment_id": 2, "entity_id": "dn10011160", "mention": "阿涅斯·瓦尔达", "pos_b": 40, "pos_e": 47} ,
{"comment_id": 2, "entity_id": "dn10069685", "mention": "迈克尔·哈内克", "pos_b": 48, "pos_e": 55} ,
{"comment_id": 2, "entity_id": "dn10035447", "mention": "杨·史云梅耶", "pos_b": 56, "pos_e": 62} ,
{"comment_id": 2, "entity_id": "dn10065855", "mention": "皮特·帕恩", "pos_b": 63, "pos_e": 68} ,
{"comment_id": 2, "entity_id": "dn10030050", "mention": "克日什托夫·基耶斯洛夫斯基", "pos_b": 69, "pos_e": 82} ,
{"comment_id": 2, "entity_id": "dn10068913", "mention": "罗伯特·布列松", "pos_b": 83, "pos_e": 90} ,
{"comment_id": 2, "entity_id": "dn10054820", "mention": "安德烈·塔科夫斯基", "pos_b": 91, "pos_e": 100} ,
{"comment_id": 2, "entity_id": "dn10002485", "mention": "贝拉·塔尔", "pos_b": 101, "pos_e": 106} ,
{"comment_id": 2, "entity_id": "dn10000549", "mention": "拉斯·冯·提尔", "pos_b": 107, "pos_e": 114} ,
{"comment_id": 2, "entity_id": "dn10002667", "mention": "杜尚·马卡维耶夫", "pos_b": 115, "pos_e": 123} ,
{"comment_id": 2, "entity_id": "dn10016334", "mention": "雅克·范·多梅尔", "pos_b": 124, "pos_e": 132} ,
{"comment_id": 2, "entity_id": "dn10017747", "mention": "米开朗基罗·弗兰马汀诺", "pos_b": 133, "pos_e": 144} ,
{"comment_id": 2, "entity_id": "dn10037019", "mention": "洪尚秀", "pos_b": 149, "pos_e": 152} ,
{"comment_id": 2, "entity_id": "dn10035379", "mention": "蔡明亮", "pos_b": 153, "pos_e": 156} ,
{"comment_id": 2, "entity_id": "dn10029903", "mention": "胡金铨", "pos_b": 157, "pos_e": 160} ,
{"comment_id": 2, "entity_id": "dn10035724", "mention": "阿巴斯·基亚罗斯塔米", "pos_b": 161, "pos_e": 171} ,
{"comment_id": 2, "entity_id": "dn10015113", "mention": "今村昌平", "pos_b": 172, "pos_e": 176} ,
{"comment_id": 2, "entity_id": "dn10022326", "mention": "李翰祥", "pos_b": 177, "pos_e": 180} ,
{"comment_id": 2, "entity_id": "dn10022329", "mention": "寺山修司", "pos_b": 186, "pos_e": 190} ,
{"comment_id": 2, "entity_id": "dn10037380", "mention": "斯坦利·库布里克", "pos_b": 195, "pos_e": 203} ,
{"comment_id": 2, "entity_id": "dn10000467", "mention": "吉姆·贾木许", "pos_b": 204, "pos_e": 210} ,
{"comment_id": 2, "entity_id": "dn10031164", "mention": "昆汀·塔伦蒂诺", "pos_b": 211, "pos_e": 218} ,
{"comment_id": 2, "entity_id": "dn10000800", "mention": "加斯帕·诺", "pos_b": 219, "pos_e": 224} ,
{"comment_id": 2, "entity_id": "dt10069756", "mention": "天地玄黄", "pos_b": 242, "pos_e": 246} ,
{"comment_id": 2, "entity_id": "dn10013991", "mention": "罗恩·弗里克", "pos_b": 250, "pos_e": 256} ,
{"comment_id": 2, "entity_id": "dt10028638", "mention": "2001太空漫游", "pos_b": 300, "pos_e": 308} ,
{"comment_id": 2, "entity_id": "dn10037380", "mention": "斯坦利·库布里克", "pos_b": 312, "pos_e": 320} ,
{"comment_id": 2, "entity_id": "dt10029635", "mention": "人类", "pos_b": 364, "pos_e": 366} ,
{"comment_id": 2, "entity_id": "dn10052392", "mention": "扬·阿尔蒂斯-贝特朗", "pos_b": 370, "pos_e": 380} ,
{"comment_id": 2, "entity_id": "dt10028638", "mention": "2001太空漫游", "pos_b": 386, "pos_e": 394} ,
{"comment_id": 2, "entity_id": "dt10069756", "mention": "天地玄黄", "pos_b": 394, "pos_e": 398} ,
{"comment_id": 2, "entity_id": "dt10029635", "mention": "人类", "pos_b": 399, "pos_e": 401} ,
{"comment_id": 2, "entity_id": "dt10028638", "mention": "2001太空漫游", "pos_b": 421, "pos_e": 429} ,
{"comment_id": 2, "entity_id": "dt10069756", "mention": "天地玄黄", "pos_b": 441, "pos_e": 445} ,
{"comment_id": 2, "entity_id": "dt10029635", "mention": "人类", "pos_b": 457, "pos_e": 459} ,
{"comment_id": 2, "entity_id": "dt10018024", "mention": "尘与雪", "pos_b": 504, "pos_e": 507} ,
{"comment_id": 2, "entity_id": "dn10053660", "mention": "格利高里·考伯特", "pos_b": 511, "pos_e": 519} ,
{"comment_id": 2, "entity_id": "dt10034228", "mention": "红楼梦", "pos_b": 588, "pos_e": 591} ,
{"comment_id": 2, "entity_id": "dn10019869", "mention": "谢铁骊", "pos_b": 595, "pos_e": 598} ,
{"comment_id": 2, "entity_id": "dn10014474", "mention": "赵元", "pos_b": 601, "pos_e": 603} ,
{"comment_id": 2, "entity_id": "dt10103187", "mention": "87电视版红楼", "pos_b": 605, "pos_e": 612} ,
{"comment_id": 2, "entity_id": "dt10103187", "mention": "电视版", "pos_b": 624, "pos_e": 627} ,
{"comment_id": 2, "entity_id": "dn10061476", "mention": "陶慧敏", "pos_b": 640, "pos_e": 643} ,
{"comment_id": 2, "entity_id": "dn10050153", "mention": "陈晓旭", "pos_b": 649, "pos_e": 652} ,
{"comment_id": 2, "entity_id": "dn10044731", "mention": "刘晓庆", "pos_b": 665, "pos_e": 668} ,
{"comment_id": 2, "entity_id": "dt10057069", "mention": "极乐同盟", "pos_b": 738, "pos_e": 742} ,
{"comment_id": 2, "entity_id": "dn10035447", "mention": "杨·史云梅耶", "pos_b": 746, "pos_e": 752} ,
{"comment_id": 2, "entity_id": "dn10035447", "mention": "史云梅耶", "pos_b": 753, "pos_e": 757} ,
{"comment_id": 2, "entity_id": "dt10017600", "mention": "阿涅斯的海滩", "pos_b": 793, "pos_e": 799} ,
{"comment_id": 2, "entity_id": "dn10011160", "mention": "阿涅斯·瓦尔达", "pos_b": 803, "pos_e": 810} ,
{"comment_id": 2, "entity_id": "dn10011160", "mention": "瓦尔达", "pos_b": 818, "pos_e": 821} ,
{"comment_id": 2, "entity_id": "dt10023838", "mention": "自由的幻影", "pos_b": 873, "pos_e": 878} ,
{"comment_id": 2, "entity_id": "dn10006732|dn10055767", "mention": "路易斯·布努埃尔", "pos_b": 882, "pos_e": 890} ,
{"comment_id": 2, "entity_id": "dt10112157|dt10087348", "mention": "儒林外史", "pos_b": 894, "pos_e": 898} ,
{"comment_id": 2, "entity_id": "dn10006732|dn10055767", "mention": "布努埃尔", "pos_b": 908, "pos_e": 912} ,
{"comment_id": 2, "entity_id": "dt10093391", "mention": "生命之树", "pos_b": 928, "pos_e": 932} ,
{"comment_id": 2, "entity_id": "dn10031009", "mention": "泰伦斯·马力克", "pos_b": 936, "pos_e": 943} ,
{"comment_id": 2, "entity_id": "dt10053011", "mention": "反基督者", "pos_b": 995, "pos_e": 999} ,
{"comment_id": 2, "entity_id": "dn10000549", "mention": "拉斯·冯·提尔", "pos_b": 1002, "pos_e": 1009} ,
{"comment_id": 2, "entity_id": "dt10023365", "mention": "遁入虚无", "pos_b": 1056, "pos_e": 1060} ,
{"comment_id": 2, "entity_id": "dn10000800", "mention": "加斯帕·诺", "pos_b": 1063, "pos_e": 1068} ,
{"comment_id": 2, "entity_id": "dt10051876", "mention": "四次", "pos_b": 1113, "pos_e": 1115} ,
{"comment_id": 2, "entity_id": "dn10017747", "mention": "米开朗基罗·弗兰马汀诺", "pos_b": 1119, "pos_e": 1130} ,
{"comment_id": 2, "entity_id": "dt10022952", "mention": "无姓之人", "pos_b": 1210, "pos_e": 1214} ,
{"comment_id": 2, "entity_id": "dn10016334", "mention": "雅克·范·多梅尔", "pos_b": 1218, "pos_e": 1226} ,
{"comment_id": 2, "entity_id": "dt10054846", "mention": "希林公主", "pos_b": 1315, "pos_e": 1319} ,
{"comment_id": 2, "entity_id": "dn10035724", "mention": "阿巴斯·基亚罗斯塔米", "pos_b": 1322, "pos_e": 1332} ,
{"comment_id": 2, "entity_id": "dn10053585", "mention": "戈达尔", "pos_b": 1357, "pos_e": 1360} ,
{"comment_id": 2, "entity_id": "dt10020899", "mention": "死者田园祭", "pos_b": 1378, "pos_e": 1383} ,
{"comment_id": 2, "entity_id": "dn10022329", "mention": "寺山修司", "pos_b": 1387, "pos_e": 1391} ,
{"comment_id": 2, "entity_id": "dt10017304", "mention": "空山灵雨", "pos_b": 1442, "pos_e": 1446} ,
{"comment_id": 2, "entity_id": "dn10029903", "mention": "胡金铨", "pos_b": 1450, "pos_e": 1453} ,
{"comment_id": 2, "entity_id": "dn10029903", "mention": "胡金铨", "pos_b": 1474, "pos_e": 1477} ,
{"comment_id": 2, "entity_id": "dt10040336", "mention": "花为媒", "pos_b": 1482, "pos_e": 1485} ,
{"comment_id": 2, "entity_id": "dn10000800", "mention": "加斯帕·诺", "pos_b": 1553, "pos_e": 1558} ,
{"comment_id": 2, "entity_id": "dt10059687", "mention": "蔷薇的葬礼", "pos_b": 1593, "pos_e": 1598} ,
{"comment_id": 2, "entity_id": "dt10069377", "mention": "趣味游戏", "pos_b": 1745, "pos_e": 1749} ,
{"comment_id": 2, "entity_id": "dn10069685", "mention": "迈克尔·哈内克", "pos_b": 1753, "pos_e": 1760} ,
{"comment_id": 2, "entity_id": "dn10069685", "mention": "哈内克", "pos_b": 1761, "pos_e": 1764} ,
{"comment_id": 2, "entity_id": "dt10126331", "mention": "洞", "pos_b": 1836, "pos_e": 1837} ,
{"comment_id": 2, "entity_id": "dn10035379", "mention": "蔡明亮", "pos_b": 1841, "pos_e": 1844} ,
{"comment_id": 2, "entity_id": "dn10035379", "mention": "蔡明亮", "pos_b": 1896, "pos_e": 1899} ,
{"comment_id": 2, "entity_id": "dn10018657", "mention": "娄烨", "pos_b": 1911, "pos_e": 1913} ,
{"comment_id": 2, "entity_id": "dt10067534", "mention": "神秘列车", "pos_b": 1984, "pos_e": 1988} ,
{"comment_id": 2, "entity_id": "dn10000467", "mention": "吉姆·贾木许", "pos_b": 1992, "pos_e": 1998} ,
{"comment_id": 2, "entity_id": "dn10000467", "mention": "贾木许", "pos_b": 1999, "pos_e": 2002} ,
{"comment_id": 2, "entity_id": "dt10067534", "mention": "神秘列车", "pos_b": 2028, "pos_e": 2032} ,
{"comment_id": 2, "entity_id": "dt10034360", "mention": "江原道之力", "pos_b": 2066, "pos_e": 2071} ,
{"comment_id": 2, "entity_id": "dn10037019", "mention": "洪尚秀", "pos_b": 2075, "pos_e": 2078} ,
{"comment_id": 2, "entity_id": "dn10037019", "mention": "洪尚秀", "pos_b": 2079, "pos_e": 2082} ,
{"comment_id": 2, "entity_id": "dn10037019", "mention": "洪尚秀", "pos_b": 2103, "pos_e": 2106} ,
{"comment_id": 2, "entity_id": "dn10006732|dn10055767", "mention": "布努埃尔", "pos_b": 2109, "pos_e": 2113} ,
{"comment_id": 2, "entity_id": "dn10006732|dn10055767", "mention": "布努埃尔", "pos_b": 2122, "pos_e": 2126} ,
{"comment_id": 2, "entity_id": "dn10037019", "mention": "洪尚秀", "pos_b": 2140, "pos_e": 2143} ,
{"comment_id": 2, "entity_id": "dn10037019", "mention": "洪尚秀", "pos_b": 2180, "pos_e": 2183} ,
{"comment_id": 2, "entity_id": "dt10083162", "mention": "潜行者", "pos_b": 2194, "pos_e": 2197} ,
{"comment_id": 2, "entity_id": "dn10054820", "mention": "安德烈·塔科夫斯基", "pos_b": 2201, "pos_e": 2210} ,
{"comment_id": 2, "entity_id": "dn10054820", "mention": "塔可夫斯基", "pos_b": 2211, "pos_e": 2216} ,
{"comment_id": 2, "entity_id": "dt10083162", "mention": "潜行者", "pos_b": 2224, "pos_e": 2227} ,
{"comment_id": 2, "entity_id": "dt10022307", "mention": "穿越时间的声音", "pos_b": 2319, "pos_e": 2326} ,
{"comment_id": 2, "entity_id": "dn10004735", "mention": "弗兰科·皮亚维奥利", "pos_b": 2330, "pos_e": 2339} ,
{"comment_id": 2, "entity_id": "dt10116862", "mention": "心灵游戏", "pos_b": 2472, "pos_e": 2476} ,
{"comment_id": 2, "entity_id": "dn10023997", "mention": "汤浅政明", "pos_b": 2480, "pos_e": 2484} ,
{"comment_id": 2, "entity_id": "dt10084269", "mention": "盖瑞", "pos_b": 2509, "pos_e": 2511} ,
{"comment_id": 2, "entity_id": "dn10001537", "mention": "格斯·范·桑特", "pos_b": 2514, "pos_e": 2521} ,
{"comment_id": 2, "entity_id": "dt10089317", "mention": "我嫁了个怪蜀黍", "pos_b": 2553, "pos_e": 2560} ,
{"comment_id": 2, "entity_id": "dn10024729", "mention": "比尔·普莱姆顿", "pos_b": 2564, "pos_e": 2571} ,
{"comment_id": 2, "entity_id": "dt10043931", "mention": "白丝带", "pos_b": 2606, "pos_e": 2609} ,
{"comment_id": 2, "entity_id": "dn10069685", "mention": "迈克尔·哈内克", "pos_b": 2613, "pos_e": 2620} ,
{"comment_id": 2, "entity_id": "dn10069685", "mention": "哈内克", "pos_b": 2640, "pos_e": 2643} ,
{"comment_id": 2, "entity_id": "dt10070435", "mention": "泯灭天使", "pos_b": 2677, "pos_e": 2681} ,
{"comment_id": 2, "entity_id": "dn10006732|dn10055767", "mention": "路易斯·布努埃尔", "pos_b": 2685, "pos_e": 2693} ,
{"comment_id": 2, "entity_id": "dn10006732|dn10055767", "mention": "布努埃尔", "pos_b": 2749, "pos_e": 2753} ,
{"comment_id": 2, "entity_id": "dt10080290", "mention": "都灵之马", "pos_b": 2763, "pos_e": 2767} ,
{"comment_id": 2, "entity_id": "dn10002485", "mention": "贝拉·塔尔", "pos_b": 2771, "pos_e": 2776} ,
{"comment_id": 2, "entity_id": "dt10027504", "mention": "穆赫兰道", "pos_b": 2872, "pos_e": 2876} ,
{"comment_id": 2, "entity_id": "dn10040589", "mention": "大卫·林奇", "pos_b": 2880, "pos_e": 2885} ,
{"comment_id": 2, "entity_id": "dn10040589", "mention": "林奇", "pos_b": 2889, "pos_e": 2891} ,
{"comment_id": 2, "entity_id": "dn10040589", "mention": "林奇", "pos_b": 2935, "pos_e": 2937} ,
{"comment_id": 2, "entity_id": "dt10031862", "mention": "十诫", "pos_b": 2947, "pos_e": 2949} ,
{"comment_id": 2, "entity_id": "dn10030050", "mention": "克日什托夫·基耶斯洛夫斯基", "pos_b": 2952, "pos_e": 2965} ,
{"comment_id": 2, "entity_id": "dt10031862", "mention": "十诫", "pos_b": 2973, "pos_e": 2975} ,
{"comment_id": 2, "entity_id": "dt10076798", "mention": "黄色潜水艇", "pos_b": 3082, "pos_e": 3087} ,
{"comment_id": 2, "entity_id": "dn10010371", "mention": "乔治·杜宁", "pos_b": 3091, "pos_e": 3096} ,
{"comment_id": 2, "entity_id": "dt10071211", "mention": "死囚越狱", "pos_b": 3145, "pos_e": 3149} ,
{"comment_id": 2, "entity_id": "dn10068913", "mention": "罗伯特·布列松", "pos_b": 3153, "pos_e": 3160} ,
{"comment_id": 2, "entity_id": "dn10069685", "mention": "哈内克", "pos_b": 3193, "pos_e": 3196} ,
{"comment_id": 2, "entity_id": "dn10009086", "mention": "杜蒙", "pos_b": 3197, "pos_e": 3199} ,
{"comment_id": 2, "entity_id": "dt10084780", "mention": "我是古巴", "pos_b": 3212, "pos_e": 3216} ,
{"comment_id": 2, "entity_id": "dn10030857", "mention": "米哈依尔·卡拉托佐夫", "pos_b": 3220, "pos_e": 3230} ,
{"comment_id": 2, "entity_id": "dt10114949", "mention": "日月无光", "pos_b": 3264, "pos_e": 3268} ,
{"comment_id": 2, "entity_id": "dn10026507", "mention": "克里斯·马克", "pos_b": 3272, "pos_e": 3278} ,
{"comment_id": 2, "entity_id": "dt10046834", "mention": "爱情万岁", "pos_b": 3344, "pos_e": 3348} ,
{"comment_id": 2, "entity_id": "dn10035379", "mention": "蔡明亮", "pos_b": 3352, "pos_e": 3355} ,
{"comment_id": 2, "entity_id": "dn10000467", "mention": "贾木许", "pos_b": 3357, "pos_e": 3360} ,
{"comment_id": 2, "entity_id": "dn10035379", "mention": "蔡明亮", "pos_b": 3367, "pos_e": 3370} ,
{"comment_id": 2, "entity_id": "dt10031856", "mention": "雾中风景", "pos_b": 3412, "pos_e": 3416} ,
{"comment_id": 2, "entity_id": "dn10011178", "mention": "西奥·安哲罗普洛斯", "pos_b": 3420, "pos_e": 3429} ,
{"comment_id": 2, "entity_id": "dt10031856", "mention": "雾中风景", "pos_b": 3430, "pos_e": 3434} ,
{"comment_id": 2, "entity_id": "dn10011178", "mention": "安哲罗普洛斯", "pos_b": 3453, "pos_e": 3459} ,
{"comment_id": 2, "entity_id": "dt10027765|dt10027251|dt10028025", "mention": "铁西区", "pos_b": 3487, "pos_e": 3490} ,
{"comment_id": 2, "entity_id": "dn10031648", "mention": "王兵", "pos_b": 3494, "pos_e": 3496} ,
{"comment_id": 2, "entity_id": "dt10027251", "mention": "第一部工厂", "pos_b": 3497, "pos_e": 3502} ,
{"comment_id": 2, "entity_id": "dn10031648", "mention": "王兵", "pos_b": 3564, "pos_e": 3566} ,
{"comment_id": 2, "entity_id": "dt10028025", "mention": "第二部艳粉街", "pos_b": 3599, "pos_e": 3605} ,
{"comment_id": 2, "entity_id": "dt10027765", "mention": "第三部铁路", "pos_b": 3747, "pos_e": 3752} ,
{"comment_id": 2, "entity_id": "dn10031648", "mention": "王兵", "pos_b": 3779, "pos_e": 3781} ,
{"comment_id": 2, "entity_id": "dn10031648", "mention": "王兵", "pos_b": 3867, "pos_e": 3869} ,
{"comment_id": 2, "entity_id": "dt10002646", "mention": "蓝色果冻海", "pos_b": 3874, "pos_e": 3879} ,
{"comment_id": 2, "entity_id": "dt10003855", "mention": "绝美之城", "pos_b": 3929, "pos_e": 3933} ,
{"comment_id": 2, "entity_id": "dn10021392", "mention": "保罗·索伦蒂诺", "pos_b": 3937, "pos_e": 3944} ,
{"comment_id": 2, "entity_id": "dt10125080", "mention": "半梦半醒的人生", "pos_b": 4033, "pos_e": 4040} ,
{"comment_id": 2, "entity_id": "dn10017408", "mention": "理查德·林克莱特", "pos_b": 4044, "pos_e": 4052} ,
{"comment_id": 2, "entity_id": "dt10011344", "mention": "撒旦探戈", "pos_b": 4091, "pos_e": 4095} ,
{"comment_id": 2, "entity_id": "dn10002485", "mention": "贝拉·塔尔", "pos_b": 4099, "pos_e": 4104} ,
{"comment_id": 2, "entity_id": "dt10113914", "mention": "山之外", "pos_b": 4179, "pos_e": 4182} ,
{"comment_id": 2, "entity_id": "dn10056688", "mention": "克里丝蒂安·蒙吉", "pos_b": 4186, "pos_e": 4194} ,
{"comment_id": 2, "entity_id": "dt10058750", "mention": "小东西", "pos_b": 4240, "pos_e": 4243} ,
{"comment_id": 2, "entity_id": "dn10052341", "mention": "朱文", "pos_b": 4247, "pos_e": 4249} ,
{"comment_id": 2, "entity_id": "dt10113030|dt10056701", "mention": "女人之湖", "pos_b": 4300, "pos_e": 4304} ,
{"comment_id": 2, "entity_id": "dn10029250", "mention": "吉田喜重", "pos_b": 4308, "pos_e": 4312} ,
{"comment_id": 2, "entity_id": "dt10086394|dt10118965", "mention": "礼物", "pos_b": 4415, "pos_e": 4417} ,
{"comment_id": 2, "entity_id": "dn10017747", "mention": "米开朗基罗·弗兰马汀诺", "pos_b": 4421, "pos_e": 4432} ,
{"comment_id": 2, "entity_id": "dt10001042", "mention": "雪莉：现实的愿景", "pos_b": 4521, "pos_e": 4529} ,
{"comment_id": 2, "entity_id": "dt10005418", "mention": "浮生一日", "pos_b": 4569, "pos_e": 4573} ,
{"comment_id": 2, "entity_id": "dn10053330", "mention": "凯文·麦克唐纳", "pos_b": 4576, "pos_e": 4583} ,
{"comment_id": 2, "entity_id": "dt10009901", "mention": "结果", "pos_b": 4679, "pos_e": 4681} ,
{"comment_id": 2, "entity_id": "dn10034979", "mention": "章明", "pos_b": 4685, "pos_e": 4687} ,
{"comment_id": 2, "entity_id": "dn10034979", "mention": "章明", "pos_b": 4768, "pos_e": 4770} ,
{"comment_id": 2, "entity_id": "dn10037019", "mention": "洪尚秀", "pos_b": 4780, "pos_e": 4783} ,
{"comment_id": 2, "entity_id": "dt10111437", "mention": "算命", "pos_b": 4788, "pos_e": 4790} ,
{"comment_id": 2, "entity_id": "dn10000710", "mention": "徐童", "pos_b": 4794, "pos_e": 4796} ,
{"comment_id": 2, "entity_id": "dn10020926", "mention": "赵本山", "pos_b": 4797, "pos_e": 4800} ,
{"comment_id": 2, "entity_id": "dt10095936", "mention": "年轻气盛", "pos_b": 4877, "pos_e": 4881} ,
{"comment_id": 2, "entity_id": "dn10021392", "mention": "保罗·索伦蒂诺", "pos_b": 4885, "pos_e": 4892} ,
{"comment_id": 2, "entity_id": "dn10059453", "mention": "侯孝贤", "pos_b": 4930, "pos_e": 4933} ,
{"comment_id": 2, "entity_id": "dt10089779", "mention": "爱", "pos_b": 4974, "pos_e": 4975} ,
{"comment_id": 2, "entity_id": "dn10069685", "mention": "迈克尔·哈内克", "pos_b": 4979, "pos_e": 4986} ,
{"comment_id": 2, "entity_id": "dt10014526", "mention": "心灵印记", "pos_b": 5130, "pos_e": 5134} ,
{"comment_id": 2, "entity_id": "dn10046155", "mention": "莫森·玛克玛尔巴夫", "pos_b": 5138, "pos_e": 5147} ,
{"comment_id": 2, "entity_id": "dt10093599|dt10089168", "mention": "楢山节考", "pos_b": 5180, "pos_e": 5184} ,
{"comment_id": 2, "entity_id": "dn10015113", "mention": "今村昌平", "pos_b": 5188, "pos_e": 5192} ,
{"comment_id": 2, "entity_id": "dn10015113", "mention": "今村昌平", "pos_b": 5193, "pos_e": 5197} ,
{"comment_id": 2, "entity_id": "dt10093599|dt10089168", "mention": "楢山节考", "pos_b": 5239, "pos_e": 5243} ,
{"comment_id": 2, "entity_id": "dt10093408", "mention": "达格雷街风情", "pos_b": 5287, "pos_e": 5293} ,
{"comment_id": 2, "entity_id": "dn10011160", "mention": "阿涅斯·瓦尔达", "pos_b": 5297, "pos_e": 5304} ,
{"comment_id": 2, "entity_id": "dn10011160", "mention": "瓦尔达", "pos_b": 5305, "pos_e": 5308} ,
{"comment_id": 2, "entity_id": "dt10032877", "mention": "有机体的秘密", "pos_b": 5339, "pos_e": 5345} ,
{"comment_id": 2, "entity_id": "dn10002667", "mention": "杜尚·马卡维耶夫", "pos_b": 5349, "pos_e": 5357} ,
{"comment_id": 2, "entity_id": "dn10043462", "mention": "皮埃尔·保罗·帕索里尼", "pos_b": 5469, "pos_e": 5480} ,
{"comment_id": 2, "entity_id": "dn10043462", "mention": "帕索里尼", "pos_b": 5514, "pos_e": 5518} ,
{"comment_id": 2, "entity_id": "dt10043150", "mention": "阿门", "pos_b": 5552, "pos_e": 5554} ,
{"comment_id": 2, "entity_id": "dn10017037", "mention": "金基德", "pos_b": 5558, "pos_e": 5561} ,
{"comment_id": 2, "entity_id": "dn10017037", "mention": "金基德", "pos_b": 5577, "pos_e": 5580} ,
{"comment_id": 2, "entity_id": "dt10103043", "mention": "最好的时光", "pos_b": 5600, "pos_e": 5605} ,
{"comment_id": 2, "entity_id": "dn10059453", "mention": "侯孝贤", "pos_b": 5609, "pos_e": 5612} ,
{"comment_id": 2, "entity_id": "dt10065181", "mention": "幸福", "pos_b": 5641, "pos_e": 5643} ,
{"comment_id": 2, "entity_id": "dn10011160", "mention": "阿涅斯·瓦尔达", "pos_b": 5647, "pos_e": 5654} ,
{"comment_id": 2, "entity_id": "dt10039561", "mention": "水牛城66", "pos_b": 5797, "pos_e": 5802} ,
{"comment_id": 2, "entity_id": "dn10006929", "mention": "文森特·加洛", "pos_b": 5806, "pos_e": 5812} ,
{"comment_id": 2, "entity_id": "dn10000467", "mention": "贾木许", "pos_b": 5815, "pos_e": 5818} ,
{"comment_id": 2, "entity_id": "dn10006929", "mention": "加洛", "pos_b": 5822, "pos_e": 5824} ,
{"comment_id": 2, "entity_id": "dt10071577", "mention": "五至七时的奇奥", "pos_b": 5934, "pos_e": 5941} ,
{"comment_id": 2, "entity_id": "dn10011160", "mention": "阿涅斯·瓦尔达", "pos_b": 5945, "pos_e": 5952} ,
{"comment_id": 2, "entity_id": "dn10011160", "mention": "瓦尔达", "pos_b": 5957, "pos_e": 5960} ,
{"comment_id": 2, "entity_id": "dn10034306|dn10053585", "mention": "戈达尔", "pos_b": 5964, "pos_e": 5967} ,
{"comment_id": 2, "entity_id": "dn10034306|dn10053585", "mention": "戈达尔", "pos_b": 5973, "pos_e": 5976} ,
{"comment_id": 2, "entity_id": "dt10015950", "mention": "诸神的欲望", "pos_b": 5997, "pos_e": 6002} ,
{"comment_id": 2, "entity_id": "dn10015113", "mention": "今村昌平", "pos_b": 6006, "pos_e": 6010} ,
{"comment_id": 2, "entity_id": "dn10051145", "mention": "小津", "pos_b": 6019, "pos_e": 6021} ,
{"comment_id": 2, "entity_id": "dn10015113", "mention": "今村", "pos_b": 6022, "pos_e": 6024} ,
{"comment_id": 2, "entity_id": "dn10051145", "mention": "小津", "pos_b": 6042, "pos_e": 6044} ,
{"comment_id": 2, "entity_id": "dn10015113", "mention": "今村", "pos_b": 6060, "pos_e": 6062} ,
{"comment_id": 2, "entity_id": "dt10065927", "mention": "再见箱舟", "pos_b": 6079, "pos_e": 6083} ,
{"comment_id": 2, "entity_id": "dn10022329", "mention": "寺山修司", "pos_b": 6087, "pos_e": 6091} ,
{"comment_id": 2, "entity_id": "dt10065927", "mention": "再见箱舟", "pos_b": 6121, "pos_e": 6125} ,
{"comment_id": 2, "entity_id": "dt10005023|dt10109760", "mention": "绿光", "pos_b": 6130, "pos_e": 6132} ,
{"comment_id": 2, "entity_id": "dn10028535", "mention": "埃里克·侯麦", "pos_b": 6136, "pos_e": 6142} ,
{"comment_id": 2, "entity_id": "dt10113522", "mention": "月升王国", "pos_b": 6158, "pos_e": 6162} ,
{"comment_id": 2, "entity_id": "dn10061514", "mention": "韦斯·安德森", "pos_b": 6166, "pos_e": 6172} ,
{"comment_id": 2, "entity_id": "dt10051636", "mention": "兰陵王", "pos_b": 6214, "pos_e": 6217} ,
{"comment_id": 2, "entity_id": "dn10026206", "mention": "胡雪桦", "pos_b": 6221, "pos_e": 6224} ,
{"comment_id": 2, "entity_id": "dn10029170", "mention": "杨丽萍", "pos_b": 6241, "pos_e": 6244} ,
{"comment_id": 2, "entity_id": "dt10108930", "mention": "色戒", "pos_b": 6294, "pos_e": 6296} ,
{"comment_id": 2, "entity_id": "dn10061828", "mention": "宾·纳伦", "pos_b": 6300, "pos_e": 6304} ,
{"comment_id": 2, "entity_id": "dn10022326", "mention": "李翰祥", "pos_b": 6342, "pos_e": 6345} ,
{"comment_id": 2, "entity_id": "dt10116974", "mention": "日本昆虫记", "pos_b": 6489, "pos_e": 6494} ,
{"comment_id": 2, "entity_id": "dn10015113", "mention": "今村昌平", "pos_b": 6498, "pos_e": 6502} ,
{"comment_id": 2, "entity_id": "dt10065673", "mention": "抛掉书本上街去", "pos_b": 6519, "pos_e": 6526} ,
{"comment_id": 2, "entity_id": "dn10022329", "mention": "寺山修司", "pos_b": 6530, "pos_e": 6534} ,
{"comment_id": 2, "entity_id": "dn10022329", "mention": "寺山", "pos_b": 6551, "pos_e": 6553} ,
{"comment_id": 2, "entity_id": "dn10009086", "mention": "布鲁诺·杜蒙", "pos_b": 6614, "pos_e": 6620} ,
{"comment_id": 2, "entity_id": "dn10025309", "mention": "张律", "pos_b": 6673, "pos_e": 6675} ,
{"comment_id": 2, "entity_id": "dn10037019", "mention": "洪尚秀", "pos_b": 6706, "pos_e": 6709} ,
{"comment_id": 2, "entity_id": "dn10037019", "mention": "洪尚秀", "pos_b": 6714, "pos_e": 6717} ,
{"comment_id": 2, "entity_id": "dn10025309", "mention": "张律", "pos_b": 6727, "pos_e": 6729} ,
{"comment_id": 2, "entity_id": "dt10051920", "mention": "南特的雅克德米", "pos_b": 6763, "pos_e": 6770} ,
{"comment_id": 2, "entity_id": "dn10011160", "mention": "阿涅斯·瓦尔达", "pos_b": 6774, "pos_e": 6781} ,
{"comment_id": 2, "entity_id": "dn10011160", "mention": "瓦尔达", "pos_b": 6813, "pos_e": 6816} ,
{"comment_id": 2, "entity_id": "dt10083669", "mention": "无水之池", "pos_b": 6835, "pos_e": 6839} ,
{"comment_id": 2, "entity_id": "dn10064143", "mention": "若松孝二", "pos_b": 6842, "pos_e": 6846} ,
{"comment_id": 2, "entity_id": "dt10038430", "mention": "俄狄浦斯王", "pos_b": 6932, "pos_e": 6937} ,
{"comment_id": 2, "entity_id": "dn10043462", "mention": "皮埃尔·保罗·帕索里尼", "pos_b": 6941, "pos_e": 6952} ,
{"comment_id": 2, "entity_id": "dn10043462", "mention": "帕索里尼", "pos_b": 6958, "pos_e": 6962} ,
{"comment_id": 2, "entity_id": "dn10006732|dn10055767", "mention": "布努埃尔", "pos_b": 6963, "pos_e": 6967} ,
{"comment_id": 2, "entity_id": "dt10037186", "mention": "电话接线生的悲剧", "pos_b": 6987, "pos_e": 6995} ,
{"comment_id": 2, "entity_id": "dn10002667", "mention": "杜尚·马卡维耶夫", "pos_b": 6998, "pos_e": 7006} ,
{"comment_id": 2, "entity_id": "dn10002667", "mention": "杜尚", "pos_b": 7039, "pos_e": 7041} ,
{"comment_id": 2, "entity_id": "dn10011160", "mention": "瓦尔达", "pos_b": 7054, "pos_e": 7057} ,
{"comment_id": 2, "entity_id": "dn10016334", "mention": "雅克·范·多梅尔", "pos_b": 7071, "pos_e": 7079} ,
{"comment_id": 2, "entity_id": "dt10036768", "mention": "花之谷", "pos_b": 7191, "pos_e": 7194} ,
{"comment_id": 2, "entity_id": "dn10061828", "mention": "宾·纳伦", "pos_b": 7198, "pos_e": 7202} ,
{"comment_id": 2, "entity_id": "dt10049880", "mention": "千年女优", "pos_b": 7246, "pos_e": 7250} ,
{"comment_id": 2, "entity_id": "dn10038833", "mention": "今敏", "pos_b": 7254, "pos_e": 7256} ,
{"comment_id": 2, "entity_id": "dt10055826", "mention": "毕加索的秘密", "pos_b": 7298, "pos_e": 7304} ,
{"comment_id": 2, "entity_id": "dn10027242", "mention": "亨利-乔治·克鲁佐", "pos_b": 7308, "pos_e": 7317} ,
{"comment_id": 2, "entity_id": "dt10062402", "mention": "幽媾", "pos_b": 7462, "pos_e": 7464} ,
{"comment_id": 2, "entity_id": "dt10088291", "mention": "你还活着", "pos_b": 7605, "pos_e": 7609} ,
{"comment_id": 2, "entity_id": "dn10039306", "mention": "罗伊·安德森", "pos_b": 7613, "pos_e": 7619} ,
{"comment_id": 2, "entity_id": "dn10000467", "mention": "贾木许", "pos_b": 7685, "pos_e": 7688} ,
{"comment_id": 2, "entity_id": "dt10117441", "mention": "寻找智美更登", "pos_b": 7693, "pos_e": 7699} ,
{"comment_id": 2, "entity_id": "dn10012915", "mention": "万玛才旦", "pos_b": 7703, "pos_e": 7707} ,
{"comment_id": 2, "entity_id": "dt10051920", "mention": "南特的雅克德米", "pos_b": 7852, "pos_e": 7859} ,
{"comment_id": 2, "entity_id": "dn10011160", "mention": "阿涅斯·瓦尔达", "pos_b": 7863, "pos_e": 7870} ,
{"comment_id": 2, "entity_id": "dn10011160", "mention": "瓦尔达", "pos_b": 7883, "pos_e": 7886} ,
{"comment_id": 2, "entity_id": "dn10011160", "mention": "瓦尔达", "pos_b": 7938, "pos_e": 7941} ,
{"comment_id": 2, "entity_id": "dt10116241", "mention": "旅行", "pos_b": 7952, "pos_e": 7954} ,
{"comment_id": 2, "entity_id": "dn10016023", "mention": "费尔南多·索拉纳斯", "pos_b": 7958, "pos_e": 7967} ,
{"comment_id": 2, "entity_id": "dt10025304", "mention": "机遇之歌", "pos_b": 8002, "pos_e": 8006} ,
{"comment_id": 2, "entity_id": "dn10030050", "mention": "克日什托夫·基耶斯洛夫斯基", "pos_b": 8010, "pos_e": 8023} ,
{"comment_id": 2, "entity_id": "dt10034860", "mention": "罗拉快跑", "pos_b": 8031, "pos_e": 8035} ,
{"comment_id": 2, "entity_id": "dt10043525|dt10064362", "mention": "蝴蝶效应", "pos_b": 8036, "pos_e": 8040} ,
{"comment_id": 2, "entity_id": "dt10033706", "mention": "爱的曝光", "pos_b": 8112, "pos_e": 8116} ,
{"comment_id": 2, "entity_id": "dn10028560", "mention": "园子温", "pos_b": 8120, "pos_e": 8123} ,
{"comment_id": 2, "entity_id": "dn10032963", "mention": "实相寺昭雄", "pos_b": 8150, "pos_e": 8155} ,
{"comment_id": 2, "entity_id": "dt10029940", "mention": "海鲜", "pos_b": 8217, "pos_e": 8219} ,
{"comment_id": 2, "entity_id": "dn10052341", "mention": "朱文", "pos_b": 8223, "pos_e": 8225} ,
{"comment_id": 2, "entity_id": "dt10054257", "mention": "蓝", "pos_b": 8308, "pos_e": 8309} ,
{"comment_id": 2, "entity_id": "dn10011013", "mention": "德里克·贾曼", "pos_b": 8313, "pos_e": 8319} ,
{"comment_id": 2, "entity_id": "dt10038190", "mention": "欢愉", "pos_b": 8339, "pos_e": 8341} ,
{"comment_id": 2, "entity_id": "dn10020345", "mention": "马克斯·奥菲尔斯", "pos_b": 8345, "pos_e": 8353} ,
{"comment_id": 2, "entity_id": "dn10030719", "mention": "莫泊桑", "pos_b": 8388, "pos_e": 8391} ,
{"comment_id": 2, "entity_id": "dt10107994", "mention": "西力传", "pos_b": 8420, "pos_e": 8423} ,
{"comment_id": 2, "entity_id": "dn10030192", "mention": "伍迪·艾伦", "pos_b": 8427, "pos_e": 8432} ,
{"comment_id": 2, "entity_id": "dt10073172", "mention": "旅行者与魔法师", "pos_b": 8478, "pos_e": 8485} ,
{"comment_id": 2, "entity_id": "dn10021868", "mention": "宗萨蒋扬钦哲仁波切", "pos_b": 8489, "pos_e": 8498} ,
{"comment_id": 2, "entity_id": "dt10070865", "mention": "牛郎织女", "pos_b": 8546, "pos_e": 8550} ,
{"comment_id": 2, "entity_id": "dn10016930", "mention": "尹丽川", "pos_b": 8554, "pos_e": 8557} ,
{"comment_id": 2, "entity_id": "dn10016930", "mention": "尹丽川", "pos_b": 8586, "pos_e": 8589} ,
{"comment_id": 2, "entity_id": "dn10016930", "mention": "尹丽川", "pos_b": 8683, "pos_e": 8686} ,
{"comment_id": 2, "entity_id": "dt10019091", "mention": "轮回", "pos_b": 8700, "pos_e": 8702} ,
{"comment_id": 2, "entity_id": "dn10013991", "mention": "罗恩·弗里克", "pos_b": 8706, "pos_e": 8712} ,
{"comment_id": 3, "entity_id": "dt10001659", "mention": "独立日", "pos_b": 183, "pos_e": 186} ,
{"comment_id": 3, "entity_id": "dt10071283|dt10011200", "mention": "普罗米修斯", "pos_b": 229, "pos_e": 234} ,
{"comment_id": 3, "entity_id": "dt10119641", "mention": "超级战舰", "pos_b": 261, "pos_e": 265} ,
{"comment_id": 3, "entity_id": "dt10106920|dt10084301|dt10108997|dt10027828|dt10019122", "mention": "星球大战", "pos_b": 297, "pos_e": 301} ,
{"comment_id": 3, "entity_id": "dt10090980|dt10055055|dt10059668", "mention": "夺宝奇兵", "pos_b": 788, "pos_e": 792} ,
{"comment_id": 3, "entity_id": "dt10001659", "mention": "独立日", "pos_b": 1236, "pos_e": 1239} ,
{"comment_id": 3, "entity_id": "dt10067122", "mention": "第五元素", "pos_b": 1240, "pos_e": 1244} ,
{"comment_id": 3, "entity_id": "dt10033456", "mention": "洛杉矶之战", "pos_b": 1245, "pos_e": 1250} ,
{"comment_id": 3, "entity_id": "dt10119641", "mention": "超级战舰", "pos_b": 1251, "pos_e": 1255} ,
{"comment_id": 3, "entity_id": "dt10002579", "mention": "天际浩劫", "pos_b": 1256, "pos_e": 1260} ,
{"comment_id": 3, "entity_id": "dt10097853|dt10101642", "mention": "世界末日", "pos_b": 1261, "pos_e": 1265} ,
{"comment_id": 3, "entity_id": "dt10005705", "mention": "世界之战", "pos_b": 1266, "pos_e": 1270} ,
{"comment_id": 3, "entity_id": "dt10021653|dt10006157|dt10126352", "mention": "变形金刚", "pos_b": 1271, "pos_e": 1275} ,
{"comment_id": 3, "entity_id": "dn10035515", "mention": "乔治·卢卡斯", "pos_b": 1762, "pos_e": 1768} ,
{"comment_id": 3, "entity_id": "dt10106920|dt10084301|dt10108997|dt10027828|dt10019122", "mention": "星球大战", "pos_b": 1782, "pos_e": 1786} ,
{"comment_id": 3, "entity_id": "dt10106920|dt10084301|dt10108997|dt10027828|dt10019122", "mention": "星球大战", "pos_b": 1790, "pos_e": 1794} ,
{"comment_id": 3, "entity_id": "dt10106920|dt10084301|dt10108997|dt10027828|dt10019122", "mention": "星球大战", "pos_b": 1822, "pos_e": 1826} ,
{"comment_id": 3, "entity_id": "dt10106920|dt10084301|dt10108997|dt10027828|dt10019122", "mention": "星球大战", "pos_b": 1861, "pos_e": 1865} ,
{"comment_id": 3, "entity_id": "dt10058266", "mention": "深入虎穴", "pos_b": 2090, "pos_e": 2094} ,
{"comment_id": 3, "entity_id": "dt10058266", "mention": "Approach\tto\tthe\tInmost\tCave", "pos_b": 2094, "pos_e": 2121} ,
{"comment_id": 3, "entity_id": "dt10072879", "mention": "苦难", "pos_b": 2125, "pos_e": 2127} ,
{"comment_id": 3, "entity_id": "dt10072879", "mention": "Ordeal", "pos_b": 2127, "pos_e": 2133} ,
{"comment_id": 3, "entity_id": "dt10078293", "mention": "The\tRoad\tBack", "pos_b": 2168, "pos_e": 2181} ,
{"comment_id": 3, "entity_id": "dt10056360", "mention": "复活", "pos_b": 2186, "pos_e": 2188} ,
{"comment_id": 3, "entity_id": "dt10056360", "mention": "Resurrection", "pos_b": 2188, "pos_e": 2200} ,
{"comment_id": 3, "entity_id": "dt10107621|dt10017888|dt10059165", "mention": "黑客帝国", "pos_b": 2366, "pos_e": 2370} ,
{"comment_id": 3, "entity_id": "dt10058266", "mention": "深入虎穴", "pos_b": 2686, "pos_e": 2690} ,
{"comment_id": 3, "entity_id": "dt10078293", "mention": "归途", "pos_b": 2749, "pos_e": 2751} ,
{"comment_id": 3, "entity_id": "dt10056360", "mention": "复活", "pos_b": 2805, "pos_e": 2807} ,
{"comment_id": 3, "entity_id": "dt10107621|dt10017888|dt10059165", "mention": "黑客帝国", "pos_b": 2834, "pos_e": 2838} ,
{"comment_id": 3, "entity_id": "dt10098321", "mention": "第九区", "pos_b": 2990, "pos_e": 2993} ,
{"comment_id": 3, "entity_id": "dn10037380", "mention": "库布里克", "pos_b": 3321, "pos_e": 3325} ,
{"comment_id": 3, "entity_id": "dn10013151|dn10053826", "mention": "希区柯克", "pos_b": 3326, "pos_e": 3330} ,
{"comment_id": 3, "entity_id": "dt10028638", "mention": "2001太空漫游", "pos_b": 3353, "pos_e": 3361} ,
{"comment_id": 3, "entity_id": "dt10001659", "mention": "独立日", "pos_b": 3457, "pos_e": 3460} ,
{"comment_id": 3, "entity_id": "dt10001659", "mention": "独立日", "pos_b": 3647, "pos_e": 3650} ,
{"comment_id": 3, "entity_id": "dt10001659", "mention": "独立日", "pos_b": 3786, "pos_e": 3789} ,
{"comment_id": 3, "entity_id": "dt10071283|dt10011200", "mention": "普罗米修斯", "pos_b": 4073, "pos_e": 4078} ,
{"comment_id": 3, "entity_id": "dt10071283|dt10011200", "mention": "普罗米修斯", "pos_b": 4268, "pos_e": 4273} ,
{"comment_id": 3, "entity_id": "dt10110840|dt10100814|dt10118536|:::dt10019376", "mention": "异形", "pos_b": 4478, "pos_e": 4480} ,
{"comment_id": 3, "entity_id": "dt10107621|dt10017888|dt10059165", "mention": "黑客帝国", "pos_b": 4557, "pos_e": 4561} ,
{"comment_id": 3, "entity_id": "dt10107621|dt10017888|dt10059165", "mention": "黑客帝国", "pos_b": 4588, "pos_e": 4592} ,
{"comment_id": 3, "entity_id": "dt10107621|dt10017888|dt10059165", "mention": "黑客帝国", "pos_b": 4792, "pos_e": 4796} ,
{"comment_id": 3, "entity_id": "dt10017888", "mention": "黑客帝国2", "pos_b": 4886, "pos_e": 4891} ,
{"comment_id": 3, "entity_id": "dn10011093", "mention": "莫妮卡·贝鲁奇", "pos_b": 4900, "pos_e": 4907} ,
{"comment_id": 4, "entity_id": "dt10089164", "mention": "死囚168小时", "pos_b": 2, "pos_e": 9} ,
{"comment_id": 4, "entity_id": "dt10089164", "mention": "Dead\tMan\tWalking", "pos_b": 9, "pos_e": 25} ,
{"comment_id": 4, "entity_id": "dn10027578", "mention": "苏珊·萨兰登", "pos_b": 31, "pos_e": 37} ,
{"comment_id": 4, "entity_id": "dn10036953", "mention": "西恩·潘", "pos_b": 44, "pos_e": 48} ,
{"comment_id": 4, "entity_id": "dt10029096", "mention": "刺杀肯尼迪", "pos_b": 97, "pos_e": 102} ,
{"comment_id": 4, "entity_id": "dt10029096", "mention": "JFK", "pos_b": 102, "pos_e": 105} ,
{"comment_id": 4, "entity_id": "dn10035932", "mention": "奥利弗·斯通", "pos_b": 120, "pos_e": 126} ,
{"comment_id": 4, "entity_id": "dn10047092", "mention": "凯文·科斯特纳", "pos_b": 159, "pos_e": 166} ,
{"comment_id": 4, "entity_id": "dt10126948", "mention": "伸张正义", "pos_b": 202, "pos_e": 206} ,
{"comment_id": 4, "entity_id": "dt10126948", "mention": "And\tJustice\tfor\tAll", "pos_b": 206, "pos_e": 225} ,
{"comment_id": 4, "entity_id": "dt10126948", "mention": "义勇急先锋", "pos_b": 233, "pos_e": 238} ,
{"comment_id": 4, "entity_id": "dn10031624", "mention": "阿尔·帕西诺", "pos_b": 239, "pos_e": 245} ,
{"comment_id": 4, "entity_id": "dt10030080", "mention": "甘地传", "pos_b": 354, "pos_e": 357} ,
{"comment_id": 4, "entity_id": "dt10030080", "mention": "Gandhi", "pos_b": 357, "pos_e": 363} ,
{"comment_id": 4, "entity_id": "dt10020539", "mention": "丑闻", "pos_b": 398, "pos_e": 400} ,
{"comment_id": 4, "entity_id": "dn10037096", "mention": "黑泽明", "pos_b": 412, "pos_e": 415} ,
{"comment_id": 4, "entity_id": "dt10055188", "mention": "民事诉讼", "pos_b": 499, "pos_e": 503} ,
{"comment_id": 4, "entity_id": "dt10055188", "mention": "A\tCivil\tAction", "pos_b": 503, "pos_e": 517} ,
{"comment_id": 4, "entity_id": ":::dt10055188", "mention": "禁止的真相", "pos_b": 526, "pos_e": 531} ,
{"comment_id": 4, "entity_id": ":::dt10055188", "mention": "公民行动", "pos_b": 533, "pos_e": 537} ,
{"comment_id": 4, "entity_id": "dn10029905", "mention": "约翰·特拉沃尔塔", "pos_b": 556, "pos_e": 564} ,
{"comment_id": 4, "entity_id": "dt10055188", "mention": "民事诉讼", "pos_b": 655, "pos_e": 659} ,
{"comment_id": 4, "entity_id": "dt10070173", "mention": "审判", "pos_b": 986, "pos_e": 988} ,
{"comment_id": 4, "entity_id": "dt10070173", "mention": "Procès,\tLe", "pos_b": 988, "pos_e": 998} ,
{"comment_id": 4, "entity_id": "dn10010602", "mention": "奥逊·威尔斯", "pos_b": 1008, "pos_e": 1014} ,
{"comment_id": 4, "entity_id": "dn10070327|dn10048958", "mention": "里查·基尔", "pos_b": 1076, "pos_e": 1081} ,
{"comment_id": 4, "entity_id": "dt10121462", "mention": "死囚之舞", "pos_b": 1096, "pos_e": 1100} ,
{"comment_id": 4, "entity_id": "dt10121462", "mention": "Monster's\tBall", "pos_b": 1100, "pos_e": 1114} ,
{"comment_id": 4, "entity_id": "dn10029139", "mention": "哈里·贝瑞", "pos_b": 1119, "pos_e": 1124} ,
{"comment_id": 4, "entity_id": "dn10029139", "mention": "贝瑞", "pos_b": 1173, "pos_e": 1175} ,
{"comment_id": 4, "entity_id": "dt10007904", "mention": "兄弟的监护人", "pos_b": 1187, "pos_e": 1193} ,
{"comment_id": 4, "entity_id": "dt10007904", "mention": "Brother's\tKeeper", "pos_b": 1193, "pos_e": 1209} ,
{"comment_id": 4, "entity_id": "dt10083660", "mention": "惊爆内幕", "pos_b": 1229, "pos_e": 1233} ,
{"comment_id": 4, "entity_id": "dt10083660", "mention": "The\tInsider", "pos_b": 1233, "pos_e": 1244} ,
{"comment_id": 4, "entity_id": "dn10031624", "mention": "阿尔·帕西诺", "pos_b": 1258, "pos_e": 1264} ,
{"comment_id": 4, "entity_id": "dn10047338", "mention": "拉塞尔·克罗", "pos_b": 1265, "pos_e": 1271} ,
{"comment_id": 4, "entity_id": "dt10006449", "mention": "永不妥协", "pos_b": 1278, "pos_e": 1282} ,
{"comment_id": 4, "entity_id": "dt10006449", "mention": "Erin\tBrockovich", "pos_b": 1282, "pos_e": 1297} ,
{"comment_id": 4, "entity_id": "dn10037307", "mention": "茱莉亚·罗伯茨", "pos_b": 1302, "pos_e": 1309} ,
{"comment_id": 4, "entity_id": "dt10119173", "mention": "立体谎言", "pos_b": 1379, "pos_e": 1383} ,
{"comment_id": 4, "entity_id": "dt10119173", "mention": "City\tHall", "pos_b": 1383, "pos_e": 1392} ,
{"comment_id": 4, "entity_id": "dn10031624", "mention": "阿尔·帕西诺", "pos_b": 1398, "pos_e": 1404} ,
{"comment_id": 4, "entity_id": "dn10069526", "mention": "约翰·库萨克", "pos_b": 1405, "pos_e": 1411} ,
{"comment_id": 4, "entity_id": "dt10091993", "mention": "大审判", "pos_b": 1447, "pos_e": 1450} ,
{"comment_id": 4, "entity_id": "dt10091993", "mention": "The\tVerdict", "pos_b": 1450, "pos_e": 1461} ,
{"comment_id": 4, "entity_id": "dn10036147", "mention": "保罗·纽曼", "pos_b": 1468, "pos_e": 1473} ,
{"comment_id": 4, "entity_id": "dt10080036", "mention": "丑闻", "pos_b": 1603, "pos_e": 1605} ,
{"comment_id": 4, "entity_id": "dt10047769", "mention": "最后时刻", "pos_b": 1634, "pos_e": 1638} ,
{"comment_id": 4, "entity_id": "dt10047769", "mention": "Reversible\tErrors", "pos_b": 1638, "pos_e": 1655} ,
{"comment_id": 4, "entity_id": "dt10066712", "mention": "盲井", "pos_b": 1774, "pos_e": 1776} ,
{"comment_id": 4, "entity_id": "dn10015508", "mention": "布鲁斯南", "pos_b": 1824, "pos_e": 1828} ,
{"comment_id": 4, "entity_id": "dt10100934", "mention": "午夜风暴", "pos_b": 1857, "pos_e": 1861} ,
{"comment_id": 4, "entity_id": "dt10100934", "mention": "Guilty by Suspicion", "pos_b": 1861, "pos_e": 1880} ,
{"comment_id": 4, "entity_id": "dt10100934", "mention": "嫌疑犯", "pos_b": 1888, "pos_e": 1891} ,
{"comment_id": 4, "entity_id": "dn10031223", "mention": "罗伯特·德尼罗", "pos_b": 1893, "pos_e": 1900} ,
{"comment_id": 4, "entity_id": "dt10018364", "mention": "费城故事", "pos_b": 1965, "pos_e": 1969} ,
{"comment_id": 4, "entity_id": "dt10018364", "mention": "Philadelphia", "pos_b": 1969, "pos_e": 1981} ,
{"comment_id": 4, "entity_id": "dn10031555", "mention": "汤姆·汉克斯", "pos_b": 1986, "pos_e": 1992} ,
{"comment_id": 4, "entity_id": "dn10030251", "mention": "丹泽尔·华盛顿", "pos_b": 2008, "pos_e": 2015} ,
{"comment_id": 4, "entity_id": "dt10057793", "mention": "代言人", "pos_b": 2121, "pos_e": 2124} ,
{"comment_id": 4, "entity_id": "dt10057793", "mention": "猪的末日", "pos_b": 2128, "pos_e": 2132} ,
{"comment_id": 4, "entity_id": "dt10024091", "mention": "铁律柔情", "pos_b": 2153, "pos_e": 2157} ,
{"comment_id": 4, "entity_id": "dt10024091", "mention": "Suspect", "pos_b": 2157, "pos_e": 2164} ,
{"comment_id": 4, "entity_id": "dt10109582", "mention": "美国梦", "pos_b": 2279, "pos_e": 2282} ,
{"comment_id": 4, "entity_id": "dt10082368", "mention": "女魔头", "pos_b": 2309, "pos_e": 2312} ,
{"comment_id": 4, "entity_id": "dt10082368", "mention": "Monster", "pos_b": 2313, "pos_e": 2320} ,
{"comment_id": 4, "entity_id": "dn10069893", "mention": "查理兹·塞隆", "pos_b": 2329, "pos_e": 2335} ,
{"comment_id": 4, "entity_id": "dt10110210", "mention": "柏林大审判", "pos_b": 2378, "pos_e": 2383} ,
{"comment_id": 4, "entity_id": "dt10110210", "mention": "Judgment\tin\tBerlin", "pos_b": 2383, "pos_e": 2401} ,
{"comment_id": 4, "entity_id": "dt10027508", "mention": "一级恐惧", "pos_b": 2468, "pos_e": 2472} ,
{"comment_id": 4, "entity_id": "dt10027508", "mention": "Primal\tFear", "pos_b": 2472, "pos_e": 2483} ,
{"comment_id": 4, "entity_id": "dn10070327", "mention": "里查·基尔", "pos_b": 2488, "pos_e": 2493} ,
{"comment_id": 4, "entity_id": "dn10047499", "mention": "爱德华·诺顿", "pos_b": 2505, "pos_e": 2511} ,
{"comment_id": 4, "entity_id": "dt10092393", "mention": "双周情人", "pos_b": 2548, "pos_e": 2552} ,
{"comment_id": 4, "entity_id": "dt10024269", "mention": "律政俏佳人", "pos_b": 2557, "pos_e": 2562} ,
{"comment_id": 4, "entity_id": "dn10000240", "mention": "桑德拉·布洛克", "pos_b": 2573, "pos_e": 2580} ,
{"comment_id": 4, "entity_id": "dn10034552", "mention": "休·格兰特", "pos_b": 2585, "pos_e": 2590} ,
{"comment_id": 4, "entity_id": "dt10053460", "mention": "法网终结者", "pos_b": 2599, "pos_e": 2604} ,
{"comment_id": 4, "entity_id": "dt10053460", "mention": "True\tBeliever", "pos_b": 2604, "pos_e": 2617} ,
{"comment_id": 4, "entity_id": "dt10019957", "mention": "童子也是基", "pos_b": 2672, "pos_e": 2677} ,
{"comment_id": 4, "entity_id": "dt10019957", "mention": "Scout's\tHonor", "pos_b": 2677, "pos_e": 2690} ,
{"comment_id": 4, "entity_id": "dt10005939", "mention": "热泪伤痕", "pos_b": 2776, "pos_e": 2780} ,
{"comment_id": 4, "entity_id": "dt10005939", "mention": "Dolores\tClaiborne", "pos_b": 2780, "pos_e": 2797} ,
{"comment_id": 4, "entity_id": "dn10038337", "mention": "史蒂芬·金", "pos_b": 2802, "pos_e": 2807} ,
{"comment_id": 4, "entity_id": "dn10038337", "mention": "史蒂芬·金", "pos_b": 2830, "pos_e": 2835} ,
{"comment_id": 4, "entity_id": "dt10098510", "mention": "刑法第三十九条", "pos_b": 2875, "pos_e": 2882} ,
{"comment_id": 4, "entity_id": "dt10098510", "mention": "Keiho", "pos_b": 2882, "pos_e": 2887} ,
{"comment_id": 4, "entity_id": "dt10099438", "mention": "重回清白", "pos_b": 2947, "pos_e": 2951} ,
{"comment_id": 4, "entity_id": "dt10087244", "mention": "完美丈夫", "pos_b": 2981, "pos_e": 2985} ,
{"comment_id": 4, "entity_id": "dt10087244", "mention": "The\tPerfect\tHusband:\tThe\tLaci\tPeterson\tStory", "pos_b": 2985, "pos_e": 3029} ,
{"comment_id": 4, "entity_id": "dt10087244", "mention": "与杀手共枕", "pos_b": 3037, "pos_e": 3042} ,
{"comment_id": 4, "entity_id": "dt10062327", "mention": "失控的陪审团", "pos_b": 3054, "pos_e": 3060} ,
{"comment_id": 4, "entity_id": "dt10062327", "mention": "Runaway\tJury", "pos_b": 3060, "pos_e": 3072} ,
{"comment_id": 4, "entity_id": "dn10064522", "mention": "约翰·格里森姆", "pos_b": 3090, "pos_e": 3097} ,
{"comment_id": 4, "entity_id": "dn10029985", "mention": "达斯汀·霍夫曼", "pos_b": 3113, "pos_e": 3120} ,
{"comment_id": 4, "entity_id": "dn10041333", "mention": "吉恩·哈克曼", "pos_b": 3121, "pos_e": 3127} ,
{"comment_id": 4, "entity_id": "dt10126323", "mention": "杀死一只知更鸟", "pos_b": 3143, "pos_e": 3150} ,
{"comment_id": 4, "entity_id": "dt10126323", "mention": "To\tKill\ta\tMockingbird", "pos_b": 3150, "pos_e": 3171} ,
{"comment_id": 4, "entity_id": "dn10015440", "mention": "格里高利·派克", "pos_b": 3176, "pos_e": 3183} ,
{"comment_id": 4, "entity_id": "dt10049096", "mention": "细细的蓝线", "pos_b": 3197, "pos_e": 3202} ,
{"comment_id": 4, "entity_id": "dt10049096", "mention": "the\tthin\tblue\tline", "pos_b": 3202, "pos_e": 3220} ,
{"comment_id": 4, "entity_id": "dn10000794", "mention": "埃罗尔·莫里斯", "pos_b": 3310, "pos_e": 3317} ,
{"comment_id": 4, "entity_id": "dt10110702", "mention": "被告", "pos_b": 3378, "pos_e": 3380} ,
{"comment_id": 4, "entity_id": "dt10110702", "mention": "The\tAccused", "pos_b": 3380, "pos_e": 3391} ,
{"comment_id": 4, "entity_id": "dn10015703", "mention": "朱迪·福斯特", "pos_b": 3396, "pos_e": 3402} ,
{"comment_id": 4, "entity_id": "dn10030655", "mention": "梅丽尔·斯特里普", "pos_b": 3500, "pos_e": 3508} ,
{"comment_id": 4, "entity_id": "dt10062961", "mention": "我要活", "pos_b": 3525, "pos_e": 3528} ,
{"comment_id": 4, "entity_id": "dt10062961", "mention": "I\tWant\tto\tlive", "pos_b": 3528, "pos_e": 3542} ,
{"comment_id": 4, "entity_id": "dt10002322", "mention": "风的传人", "pos_b": 3707, "pos_e": 3711} ,
{"comment_id": 4, "entity_id": "dt10002322", "mention": "Inherit\tthe\twind", "pos_b": 3711, "pos_e": 3727} ,
{"comment_id": 4, "entity_id": "dt10074740", "mention": "纽伦堡审判", "pos_b": 3848, "pos_e": 3853} ,
{"comment_id": 4, "entity_id": "dt10074740", "mention": "Judgement\tat\tNuremberg", "pos_b": 3853, "pos_e": 3875} ,
{"comment_id": 4, "entity_id": "dn10032262", "mention": "斯坦利·克雷默", "pos_b": 3892, "pos_e": 3899} ,
{"comment_id": 4, "entity_id": "dt10061289", "mention": "英伦小霸王", "pos_b": 3987, "pos_e": 3992} ,
{"comment_id": 4, "entity_id": "dt10061289", "mention": "let\thim\thave\tit", "pos_b": 3992, "pos_e": 4007} ,
{"comment_id": 4, "entity_id": "dt10032859", "mention": "良相佐国", "pos_b": 4107, "pos_e": 4111} ,
{"comment_id": 4, "entity_id": "dt10032859", "mention": "A\tman\tfor\tall\tseasons", "pos_b": 4111, "pos_e": 4132} ,
{"comment_id": 4, "entity_id": "dn10004454", "mention": "罗伯特·鲍特", "pos_b": 4142, "pos_e": 4148} ,
{"comment_id": 4, "entity_id": "dt10122177", "mention": "桂河大桥", "pos_b": 4176, "pos_e": 4180} ,
{"comment_id": 4, "entity_id": "dn10065472", "mention": "斯科菲尔德", "pos_b": 4208, "pos_e": 4213} ,
{"comment_id": 4, "entity_id": "dn10057548", "mention": "查尔顿·海斯顿", "pos_b": 4246, "pos_e": 4253} ,
{"comment_id": 4, "entity_id": "dt10032862", "mention": "洋葱田", "pos_b": 4283, "pos_e": 4286} ,
{"comment_id": 4, "entity_id": "dt10032862", "mention": "the\tonion\tfeild", "pos_b": 4286, "pos_e": 4301} ,
{"comment_id": 4, "entity_id": "dt10032862", "mention": "田园劫", "pos_b": 4309, "pos_e": 4312} ,
{"comment_id": 4, "entity_id": "dt10121706", "mention": "豪门孽债", "pos_b": 4323, "pos_e": 4327} ,
{"comment_id": 4, "entity_id": "dt10121706", "mention": "reversal\tof\tfortune", "pos_b": 4327, "pos_e": 4346} ,
{"comment_id": 4, "entity_id": "dt10065047", "mention": "雷灵顿10号", "pos_b": 4466, "pos_e": 4472} ,
{"comment_id": 4, "entity_id": "dt10065047", "mention": "10\trillington\tplace", "pos_b": 4472, "pos_e": 4491} ,
{"comment_id": 4, "entity_id": "dt10001148", "mention": "以父之名", "pos_b": 4669, "pos_e": 4673} ,
{"comment_id": 4, "entity_id": "dt10001148", "mention": "In\tthe\tName\tof\tthe\tFather", "pos_b": 4673, "pos_e": 4698} ,
{"comment_id": 4, "entity_id": "dn10012618", "mention": "丹尼尔·戴·刘易斯", "pos_b": 4703, "pos_e": 4712} ,
{"comment_id": 4, "entity_id": "dn10052224", "mention": "吉姆·谢里登", "pos_b": 4867, "pos_e": 4873} ,
{"comment_id": 4, "entity_id": "dn10036002", "mention": "埃玛·汤普森", "pos_b": 4892, "pos_e": 4898} ,
{"comment_id": 4, "entity_id": "dn10012618", "mention": "丹尼尔·戴-刘易斯", "pos_b": 4899, "pos_e": 4908} ,
{"comment_id": 4, "entity_id": "dt10060287", "mention": "一个连环女杀手的生与死", "pos_b": 4971, "pos_e": 4982} ,
{"comment_id": 4, "entity_id": "dt10060287", "mention": "Aileen\tLife\tand\tDeath\tof\ta\tSerial\tKiller", "pos_b": 4982, "pos_e": 5022} ,
{"comment_id": 4, "entity_id": "dt10082368", "mention": "女魔头", "pos_b": 5035, "pos_e": 5038} ,
{"comment_id": 4, "entity_id": "dt10082368", "mention": "Monster", "pos_b": 5038, "pos_e": 5045} ,
{"comment_id": 4, "entity_id": "dt10040410", "mention": "大话王", "pos_b": 5061, "pos_e": 5064} ,
{"comment_id": 4, "entity_id": "dt10040410", "mention": "Liar\tLiar", "pos_b": 5064, "pos_e": 5073} ,
{"comment_id": 4, "entity_id": "dt10062824", "mention": "黑罪风云”", "pos_b": 5099, "pos_e": 5104} ,
{"comment_id": 4, "entity_id": "dt10062824", "mention": "The\tHurricane”", "pos_b": 5104, "pos_e": 5118} ,
{"comment_id": 4, "entity_id": "dt10062824", "mention": "飓风", "pos_b": 5127, "pos_e": 5129} ,
{"comment_id": 4, "entity_id": "dn10030251", "mention": "丹泽尔·华盛顿", "pos_b": 5131, "pos_e": 5138} ,
{"comment_id": 4, "entity_id": "dt10031126", "mention": "马丁·格尔归来", "pos_b": 5170, "pos_e": 5177} ,
{"comment_id": 4, "entity_id": "dt10031126", "mention": "Le\tRetour\tde\tMartin\tGuerre", "pos_b": 5177, "pos_e": 5203} ,
{"comment_id": 4, "entity_id": "dn10059580", "mention": "杰拉尔·德帕迪约", "pos_b": 5214, "pos_e": 5222} ,
{"comment_id": 4, "entity_id": "dt10062689", "mention": "似是故人来", "pos_b": 5232, "pos_e": 5237} ,
{"comment_id": 4, "entity_id": "dn10015703", "mention": "朱迪·福斯特", "pos_b": 5239, "pos_e": 5245} ,
{"comment_id": 4, "entity_id": "dn10070327", "mention": "理查·基尔", "pos_b": 5246, "pos_e": 5251} ,
{"comment_id": 4, "entity_id": "dt10124578", "mention": "法外情", "pos_b": 5271, "pos_e": 5274} ,
{"comment_id": 4, "entity_id": "dn10029774", "mention": "刘德华", "pos_b": 5280, "pos_e": 5283} ,
{"comment_id": 4, "entity_id": "dt10024627", "mention": "人世间", "pos_b": 5293, "pos_e": 5296} ,
{"comment_id": 4, "entity_id": "dt10061620", "mention": "终极证人", "pos_b": 5303, "pos_e": 5307} ,
{"comment_id": 4, "entity_id": "dt10061620", "mention": "The\tClient", "pos_b": 5307, "pos_e": 5317} ,
{"comment_id": 4, "entity_id": "dn10027578", "mention": "苏珊·萨兰登", "pos_b": 5322, "pos_e": 5328} ,
{"comment_id": 4, "entity_id": "dn10064522", "mention": "约翰·格里森姆", "pos_b": 5334, "pos_e": 5341} ,
{"comment_id": 4, "entity_id": "dt10097462", "mention": "杀戮时刻", "pos_b": 5376, "pos_e": 5380} ,
{"comment_id": 4, "entity_id": "dt10097462", "mention": "A\tTime\tto\tKill", "pos_b": 5380, "pos_e": 5394} ,
{"comment_id": 4, "entity_id": "dt10061620", "mention": "终极证人", "pos_b": 5403, "pos_e": 5407} ,
{"comment_id": 4, "entity_id": "dn10044734", "mention": "乔·舒马赫", "pos_b": 5410, "pos_e": 5415} ,
{"comment_id": 4, "entity_id": "dn10064522", "mention": "约翰·格里森姆", "pos_b": 5447, "pos_e": 5454} ,
{"comment_id": 4, "entity_id": "dt10062320", "mention": "塘鹅暗杀令", "pos_b": 5466, "pos_e": 5471} ,
{"comment_id": 4, "entity_id": "dt10062320", "mention": "The\tPelican\tBrief", "pos_b": 5471, "pos_e": 5488} ,
{"comment_id": 4, "entity_id": "dn10064522", "mention": "约翰·格里森姆", "pos_b": 5496, "pos_e": 5503} ,
{"comment_id": 4, "entity_id": "dn10037307", "mention": "茱莉亚·罗伯兹", "pos_b": 5511, "pos_e": 5518} ,
{"comment_id": 4, "entity_id": "dn10030251", "mention": "丹泽尔·华盛顿", "pos_b": 5519, "pos_e": 5526} ,
{"comment_id": 4, "entity_id": "dt10067940", "mention": "律师事务所", "pos_b": 5625, "pos_e": 5630} ,
{"comment_id": 4, "entity_id": "dt10067940", "mention": "the\tfirm", "pos_b": 5631, "pos_e": 5639} ,
{"comment_id": 4, "entity_id": "dt10067940", "mention": "黑色豪门企业", "pos_b": 5648, "pos_e": 5654} ,
{"comment_id": 4, "entity_id": "dn10064522", "mention": "约翰·格里森姆", "pos_b": 5659, "pos_e": 5666} ,
{"comment_id": 4, "entity_id": "dn10030529", "mention": "汤姆·克鲁斯", "pos_b": 5674, "pos_e": 5680} ,
{"comment_id": 4, "entity_id": "dt10067121", "mention": "华尔街", "pos_b": 5726, "pos_e": 5729} ,
{"comment_id": 4, "entity_id": "dt10067121", "mention": "wall\tstreet", "pos_b": 5730, "pos_e": 5741} ,
{"comment_id": 4, "entity_id": "dn10035932", "mention": "奥利弗·斯通", "pos_b": 5747, "pos_e": 5753} ,
{"comment_id": 4, "entity_id": "dn10043525", "mention": "迈克尔·道格拉斯", "pos_b": 5756, "pos_e": 5764} ,
{"comment_id": 4, "entity_id": "dt10006076", "mention": "造雨人", "pos_b": 5829, "pos_e": 5832} ,
{"comment_id": 4, "entity_id": "dt10006076", "mention": "the\trainmaker", "pos_b": 5833, "pos_e": 5846} ,
{"comment_id": 4, "entity_id": "dn10064522", "mention": "约翰·格里森姆", "pos_b": 5855, "pos_e": 5862} ,
{"comment_id": 4, "entity_id": "dn10029423", "mention": "弗朗西斯·福特·科波拉", "pos_b": 5873, "pos_e": 5884} ,
{"comment_id": 4, "entity_id": "dn10031100", "mention": "马特·达蒙", "pos_b": 5887, "pos_e": 5892} ,
{"comment_id": 4, "entity_id": "dt10006702", "mention": "肖申克的救赎", "pos_b": 5922, "pos_e": 5928} ,
{"comment_id": 4, "entity_id": "dt10006702", "mention": "The\tShawshank\tRedemption", "pos_b": 5929, "pos_e": 5953} ,
{"comment_id": 4, "entity_id": "dn10038337", "mention": "史蒂芬·金", "pos_b": 5959, "pos_e": 5964} ,
{"comment_id": 4, "entity_id": "dt10075507", "mention": "迷色布局", "pos_b": 5985, "pos_e": 5989} ,
{"comment_id": 4, "entity_id": "dt10075507", "mention": "The\tGingerbread\tMan", "pos_b": 5989, "pos_e": 6008} ,
{"comment_id": 4, "entity_id": "dn10064522", "mention": "约翰·格里森姆", "pos_b": 6016, "pos_e": 6023} ,
{"comment_id": 4, "entity_id": "dn10001467", "mention": "罗伯特·奥尔特曼", "pos_b": 6055, "pos_e": 6063} ,
{"comment_id": 4, "entity_id": "dt10002868", "mention": "角色", "pos_b": 6070, "pos_e": 6072} ,
{"comment_id": 4, "entity_id": "dt10002868", "mention": "Karakter", "pos_b": 6072, "pos_e": 6080} ,
{"comment_id": 4, "entity_id": "dt10047192", "mention": "一级谋杀", "pos_b": 6198, "pos_e": 6202} ,
{"comment_id": 4, "entity_id": "dt10047192", "mention": "Murder\tin\tthe\tFirst", "pos_b": 6202, "pos_e": 6221} ,
{"comment_id": 4, "entity_id": "dt10032858", "mention": "义海雄风", "pos_b": 6315, "pos_e": 6319} ,
{"comment_id": 4, "entity_id": "dt10032858", "mention": "A\tFew\tGood\tMen", "pos_b": 6319, "pos_e": 6333} ,
{"comment_id": 4, "entity_id": "dt10032858", "mention": "好人廖廖", "pos_b": 6341, "pos_e": 6345} ,
{"comment_id": 4, "entity_id": "dn10064522", "mention": "约翰·格里森姆", "pos_b": 6347, "pos_e": 6354} ,
{"comment_id": 4, "entity_id": "dn10030529", "mention": "汤姆·克鲁斯", "pos_b": 6373, "pos_e": 6379} ,
{"comment_id": 4, "entity_id": "dn10069690", "mention": "黛米·摩尔", "pos_b": 6380, "pos_e": 6385} ,
{"comment_id": 4, "entity_id": "dn10037024", "mention": "杰克·尼克尔森", "pos_b": 6386, "pos_e": 6393} ,
{"comment_id": 4, "entity_id": "dt10115989", "mention": "魔鬼代言人", "pos_b": 6400, "pos_e": 6405} ,
{"comment_id": 4, "entity_id": "dt10115989", "mention": "The\tDevil's\tAdvocate", "pos_b": 6405, "pos_e": 6425} ,
{"comment_id": 4, "entity_id": "dn10031624", "mention": "阿尔·帕西诺", "pos_b": 6431, "pos_e": 6437} ,
{"comment_id": 4, "entity_id": "dn10005015", "mention": "基诺·里维斯", "pos_b": 6438, "pos_e": 6444} ,
{"comment_id": 4, "entity_id": "dt10016188", "mention": "史密斯先生去华盛顿", "pos_b": 6466, "pos_e": 6475} ,
{"comment_id": 4, "entity_id": "dt10016188", "mention": "Mr.\tSmith\tGoes\tto\tWashington", "pos_b": 6475, "pos_e": 6503} ,
{"comment_id": 4, "entity_id": "dt10109076", "mention": "律政俏佳人", "pos_b": 6560, "pos_e": 6565} ,
{"comment_id": 4, "entity_id": "dt10109076", "mention": "Legally\tBlonde", "pos_b": 6566, "pos_e": 6580} ,
{"comment_id": 4, "entity_id": "dt10040410", "mention": "大话王", "pos_b": 6587, "pos_e": 6590} ,
{"comment_id": 4, "entity_id": "dt10099062", "mention": "马背上的法庭", "pos_b": 6620, "pos_e": 6626} ,
{"comment_id": 4, "entity_id": "dt10103472", "mention": "东京审判", "pos_b": 6704, "pos_e": 6708} ,
{"comment_id": 4, "entity_id": "dn10066550", "mention": "高群书", "pos_b": 6721, "pos_e": 6724} ,
{"comment_id": 4, "entity_id": "dt10023056|dt10012606", "mention": "十二怒汉", "pos_b": 6731, "pos_e": 6735} ,
{"comment_id": 4, "entity_id": "dn10044013", "mention": "西德尼·鲁迈特", "pos_b": 6740, "pos_e": 6747} ,
{"comment_id": 4, "entity_id": "dn10066729|dn10040064", "mention": "米哈尔科夫", "pos_b": 6795, "pos_e": 6800} ,
{"comment_id": 4, "entity_id": "dt10075824", "mention": "朗读者", "pos_b": 6824, "pos_e": 6827} ]
