[
 {
  "author": "2312968", 
  "comment_id": 0, 
  "movie_name": "", 
  "rating": "", 
  "text": "在这个暑期档的预热期，接连上映的两部科幻大片X战警：逆转未来、明日边缘对准了同一个话题：都在时间元素上大做文章，让热爱科幻的影迷着实过了一把穿越瘾。这两部大片都足够热闹，又不至于太深奥，叫人看得过瘾之余，又会得到智力启发，或是生出一大堆关于时间旅行的疑问，或急欲寻找同类型的电影。本文可以同时满足上述两个需求。接下来，我们将从理论原点出发，普及一下时间旅行这个体系庞杂的学术难题，同时拿电影当多媒体教材，一起将理论化作实践。\t一、时间旅行原理考\t现实生活中，时间是线性的，所有人沿着时间一分一秒自然前进。时间旅行就是对这种常态的打破。狭义的时间旅行指个体突破线性，旅行到过去或未来；从广义来说，窥见未来的动态，向过去或未来传送物品，与过去或未来的人进行实时通讯，等等，都属于时间旅行的范畴，因为上述举动都标志着正常时间秩序被扰乱。\t爱因斯坦的狭义和广义相对论揭示，在物理层面，前往未来并非毫无依据。当然，他的假说仅停留在理论上，针对的是微观粒子而非宏观物体，更别提科幻电影中的大活人了。至于回到过去，迄今仍无公认的理论支持。时间旅行在科学上，仍主要作为检验理论的基础假设而存在。但这令人沮丧的事实，并不会限制科幻创作者的灵感。时间旅行最早萌芽于18世纪科幻小说，早在上世纪初的默片年代就登陆银幕，五六十年代又在电视领域开枝散叶，发展为科幻影视剧中广受青睐的一大分支。对比物理学家的亦步亦趋，影视中的时间旅行有很大的自由，充满各种天马行空的构思，为时间旅行的各类假说提供了视觉化模板，大众可借此领略时间旅行的魅力，科学家亦可视其为检验思路的一种手段。\t文艺作品中，制造时间旅行的方式多种多样，很多都脱胎于真实的物理假设。星际迷航中23世纪的人类文明高度发达，能用曲速引擎作数倍于光速的宇宙航行，在初代电视剧中，企业号发生意外而发现曲速引擎的一项附加作用--重力助推，从此便能借此做时光旅行，之后的数部电影更强化了这一功能。\t虫洞理论也被影视创作者吸收。通俗来说，虫洞指的是空间中无处不在又难以觉察的时间裂缝，英剧神秘博士以宏观的方式展现过外星恶势力穿越时间裂缝入侵的阴谋，美剧星际之门围绕一具古老的外星高科技虫洞“星门”，可以将人传送到宇宙中特定的时间和坐标。\t霍金在黑洞理论中提出，由于黑洞的质量极其庞大，其引力波可使空间产生扭曲，从而影响时间的流逝速度，形成天然的时间机器。星际迷航11开头，史波克制造一具人工黑洞来毁灭超新星，却无意中将罗慕伦采矿船送到了15年前。天才眼镜狗的高潮部分，由于时间线出现严重紊乱，地球上空形成巨大黑洞，吞噬一切。\t近年，量子物理学中的多重世界观也成为热门话题，该观点认为，我们的世界会随着每个决定和选择，分化扩散出无限数量的平行世界，时空线索、源代码中，原本只用于观测过去的机器，却将整个“过去”衍生为一个个真实的世界，令主角往返其中，拯救危机。\t此外，也有相当数量的科幻电影，并不要求时间旅行存在一个坚硬的内核。回到未来，黑衣人3中，制造穿越的是不透露原理的人造时间机器；波斯王子的时之刃，阿兹卡班囚徒的时间转换器，乃是魔法驱动的神器；美剧英雄的Hiro，时空恋旅人的蒂姆一家，借助的是自身具有的超能力；而热浴盆时光机，时空急转弯等喜剧片，索性将穿越归因为“自然现象”。归根到底，时间机器是故事的催化剂，观众都等着看冒险呢。\t二、时间旅行类型考\t原理介绍完毕，激动人心的时空之旅终于开始了。不过沿途是何等风光，科学家们也众说纷纭，难有定论。林林总总的假说归纳起来，大致可分为三型。\t第一型：历史不可改变\t在第一型时间线中，时间具有内在的一致性，一切已发生的早已注定，改变历史万万不能。譬如你回到过去，杀死了自己的祖父，那眼下这个你是否该存在，就令人挠头了，这就是著名的祖父悖论。受制于祖父悖论，穿越者要想改变历史，只会出现两种情况：\t其一，大自然之力会阻挠你的一切努力。单元美剧阴阳魔界有一集讲到，科学家试图穿越时间疏散广岛人群，刺杀希特勒等，都因重重意外而失败，最后他得出结论，历史无法改变。其二，穿越者表面上具有自由意志，可以为所欲为，其实不过是被动的观察者，所做的一切努力，都是已形成结果的一部分。时空线索中，FBI通过时间机器送回一张纸条，以期挽回一名探员的生命，谁知就是这张纸条导致了该探员的死亡。命数无法更改，被称为命定效应。\t将第一型时间线的要求放宽，还可延伸出一种变体。以威尔斯小说改编的时间机器为代表，科学家为拯救车祸丧生的妻子而发明时光机器，但当他回到过去，依然无法从车轮下救出妻子，因为一旦妻子复生，他就无法发明时间机器了，但对于穿越引发的其他连锁反应，影片不加考虑。神秘博士中也有相仿的论述，并上升到理论高度，博士称“某些事件是时空中的固定点”，一旦改变会崩溃宇宙秩序，言下之意，不相关的则可篡改无碍。\t第一型时间线另一好玩之处在于，常会出现因果互为颠倒的“自益悖论”。假设你发明了时间机器，并回到过去将技术告知过去的自己，那么该发明的最初创意究竟从何而来呢？就像古老的鸡和蛋诘问一样，是个无解之谜。进一步假设，你送给过去自己的是一件实物，那么这件物品必须在整个过程没有一个分子的改变，否则将对热力学第二定律产生违背。终结者规定只有生命体才能穿越，就是考虑到该定则约束，但由于剧情需要，将拟形机器人也视作“生命体”，又比较作弊。更严谨的作品采用意识而非实体穿越，比如前述的逆转未来，就相对在物理上更站得住脚。\t第二型：历史可以改变\t与亘古稳定的第一型时间线相比，第二型时间线被“涟漪效应”所主宰，脆弱得不像话。想象你在池塘中投入一颗石子，激起的涟漪会不断扩散，影响到池塘的最边缘。在这里，池塘是整个时空，石子则是对历史的轻微改变。涟漪效应又称连锁反应，在风靡互联网的蝴蝶效应中有生动的示例，一点细微的改变如何波及开来，对未来造成翻天覆地的改变。严格来看，在第二型时间线中，任何小悖论都可能是致命的，会对整个宇宙的存在产生威胁，正如死亡幻觉中所展示的。\t由于时间的连续性，在产生扰动的一瞬间，此后的时间线都将受到影响。所以关于第二型时间线的影视作品，最大的难题是如何解释历史的骤然改变。一种常见的设置是重置所有人的记忆和生存状态，比如回到未来中马蒂破坏了年轻父母的邂逅，导致他自己渐渐消失，当他修补了历史后回到现在，发现父亲的社会地位得到了提高。\t第二型时间线还有一个关键词，叫做“抗涟漪效应记忆”，这是穿越者和历史的改编者拥有的特权，他们的大脑可以不受重置，保留历史改变之前的记忆，所以马蒂重返家中才会大感惊讶。不过该特权也有副作用，比如逆转未来结尾，金刚狼作为穿越者记忆无法重置到没有哨兵机器人的新时间线，导致他“有40年的历史课要补”。\t第三型：穿越到平行宇宙\t鉴于在编故事方面，前两型时间线有太多的悖论无法自圆其说，所以电影人通常求助于更灵活实用的第三型时间线。在这里，每一次穿越，都等于产生一条不同于出发点的平行时间线，该平行宇宙与我们的世界大致相似，但又有细微或显著的不同。这样一来，许多难题就迎刃而解：当你杀死了自己的祖父，你只是杀死了平行时间线中另一个自己的祖父，对你毫无影响；你携带任何物品穿越时空，也不会违反能量定律；当你回到改变后的当下，这里已经不是你出发的时间线了，因此所有人的记忆与原初不同，也就理所当然。\t回到未来中布朗博士分析，时间长河中的每一个点都存在与之平行的点；重返中世纪的科学家也断言，任何去往过去的时间旅行，其实都是踏进另一个时间进度比当下得慢的平行宇宙。近年银幕科技发达，平行时间线除了“自然生成”，还可以人造，时空线索便是将量子现实化作了平行宇宙，到了源代码，已经可以量产了。有人不禁要问，我们的现实世界，也有平行时间线吗？答案是肯定的，比如DC的漫画电影中，有世界大战，有911事件，但2000年当上总统的是超人的死对头莱克斯·卢瑟，那是一个与我们有同有异的平行宇宙。\t三、穿越电影分类汇总\t理论暂时讲到这里，下面进入最激动人心的环节，根据电影归纳时间旅行的多种样式。我们按照大体的理解难易，将各种样式排序。方便读者由易到难一步步进阶，也可以直接根据喜爱的电影找到同类。\t1闪进未来型。这一类影片将主角送往未来，由于规避了历史因果悖论，几乎不牵涉逻辑困境，故思维门槛最低，重在通过时间的跃进，放大某些耐人寻味的对比，以一种独特的视角传递价值观。跳跃幅度较小的费城实验，两世奇人，时空急转弯讲述主角在陌生未来的冒险奇遇，表现时代差异，大幅度跃进如人猿星球，时间机器，蠢蛋进化论不乏“大梦一场，世上已千年”的意境，在猎奇逗趣之余，展现一种沧海桑田的沧桑感，同时又揭示，当下的人性精神在遥远的未来依然作用显著。此类穿越电影甚至可以不是科幻，人生遥控器，女孩梦三十通过一个魔幻的处境，给都市人上一堂心灵辅导课。基本上，此类时间旅行只是主角去到一个异世界的借口，本身没太多可回味的，穿越后的经历才是看点。\t2观光旅游型。此类型颇不拘小节，虽然承认涟漪效应的存在，但涟漪总是一现即逝，无法对时间线造成长远的影响，所以穿越者尽可以在历史上胡闹蹦跶。早期时间隧道、时空游侠等美剧采用这种样式，是考虑到当时观众理解力不够而做的简化设置，如今更接近一种复古的标签和噱头，比如半个世纪不衰的神秘博士。此类作品中，时间旅行的基本原理依然靠边，重在博览不同时代的风土人情，展现当代文明与古代观念的碰撞，制造当代人与历史名人的妙趣互动，等等，犹如一堂堂令人流连忘返的历史课。电影代表作有比尔和泰德历险记，天才眼镜狗，时空大盗，鬼玩人3等，都是景致多样的谐趣之作。不过也需警惕，若涟漪波动足够大，仍会对时间秩序产生破坏，比如天才眼镜狗中两个自己相遇，就一发不可收拾，神秘博士更是经常玩得太尽兴，对时间灾难迟觉一步。\t3主要矛盾型。从这一类开始，时间旅行终于被当做一件严肃的事来看待，穿越过去通常是为了完成某种时间使命。涟漪效应得到充分的承认，但被限制在相对狭义的范畴，主角集中精力改变某些大事件，而对于此过程中引起的其他扰动，从不多加理会，也不会酿成后果。整体而言，适当的脑力激荡，主要还是为了衬托动作、喜剧、悬念等娱乐元素，例如阿兹卡班的囚徒，王牌大贱谍，决胜时空战区，黑衣人3，以及星际迷航的多部电影版：抢救未来、下一代、第一次接触和2009版前传。为了减少硬伤，有时也会给穿越加上种种限制，比如超越时间线穿越需要极高的能量，英雄停留时间有限，迷失穿越地理有限，七天每次只能回到七天前，星际之门有着严格的使用章程，波斯王子索性“先倒退再重来”，消除一切BUG。\t4连锁反应型。到了这一型，涟漪效应终于得到足够的重视，旅行者务必小心翼翼，对历史所做的任何改变，都可能造成无法修复的时间灾难，到时候，拥有抗涟漪反应记忆的他们是唯一的救世主。这类作品可以拍得很复杂，像死亡幻觉，环形使者一样，众多影迷需要阅读观影指南才能理清头绪；也可以拍得很通俗，不乏回到未来，蝴蝶效应，有关时间旅行的热门话题这样著名的例子。但不管是哪一种，都需要主创精心编织细节，保证有伏有应，影迷从影片中寻找对应的细节，也成为观影的最大乐趣所在。也有简化操作，如史前新纪元只是简单交代人们回到了平行宇宙的史前时代，接下来就专心打恐龙了，还有一声惊雷那样故作高智商弄巧成了拙。\t5命数已定型。第二节提过的祖父悖论和命定效应在此终于发威，宿命论接管一切，时间机器成为一种透着消极意味的摆设，穿越事件本身，已是漫长时间线中早已嵌定的不可分割的部分。法国科幻片堤最早在银幕上实践这个理论，一个常梦到死亡的少年，因梦境而踏上不自觉的圆梦之路，由该片启发的十二猴子更为人熟知。终结者系列最能诠释因果循环的存在：天网为了刺杀反抗军领袖派出机器人，反抗军派出战士保护，使此战士成为领袖的父亲，消灭的机器人被赛博戴恩公司逆向工程，加速了天网的研制，这么一圈绕下来，到底谁帮助了谁，谁对抗了谁？老版五部人猿星球构思奇巧，可以从任何一部开始看，都能首尾相连构成一个时间环，奴役和反抗，追捕和逃脱，灭族和崛起，均在一次次重复。环形使者也有一条相似的支线：老年乔的妻子被造雨师所杀，他回到过去猎杀少年造雨师，殊不知正是此举令造雨师变得暴戾。\t6另类穿越型。常规穿越即实体穿越，特征是BUG多、套路不易突破，于是便有主创另辟蹊径。上面提过的意识穿越，也称附体式穿越，不仅免除热力学定律困扰，还能有效防止两个本体相遇的悖论。意识穿越最早也是最大规模的使用是美剧量子跳跃，主角每一集都会跳跃到新的时间随机附身上某人，最近的往生拯救计划也借助意识穿越来破案，这样看来，逆转未来漫画原著在80年代初就有此构想，确属前卫。实验片雷管与附身正好相反，实体穿越后反而诞生出新人格。黑洞频率的“通话式穿越”介于上述两者之间。此外还有一种“心灵穿越”，电影致命报酬，预见未来，美剧神秘召唤，明日新闻，死亡地带，未来闪影都有主角提前预知未来事件并作出反应的情节，属于广义上的时间旅行。\t7时间循环型。严格来说，这不是时间旅行，最起码不是主动的时间旅行，而是倒霉蛋陷进了时间怪圈里。当遭遇时空异常点，或某些事件触发了时间裂缝，或经过人为干预，时间线就像卡住的CD一样，反复播放同一段，形成死循环。土拨鼠之日并不是首部以时间循环为结构的电影，在它之前还有短片12点01分后来改编成长片等等，但它首次将此概念注入流行文化，为该类型奠定了不少低调，因此最为人铭记。此类电影最大的主角是时间和物理学，最考验编导的创作力，对于观众来说也十分消耗脑细胞。譬如源代码，时空罪恶，死亡游轮，破日等，都设置精巧，经得起细致推敲，引发阵阵解读热潮。此外，循环往复的情景也适合制造笑料，华语片大话西游，西片极速凶间都以此制造无厘头效果，外媒称明日边缘也十分搞笑。\t四、穿越电影趋势展望\t正如上述某部片名所说，时间旅行在当下，已不是高端话题，而是“热门话题”。连大陆的穿越剧都蔚然成风，时间旅行已不是什么神秘莫测的东东了。电影人要想持续以此唤起影迷的新鲜感，就要博采众长，看准趋势，拿出更多的看家本事来。近年来的穿越电影，大致有如下三种趋势。\t1复杂度提升。上世纪的科幻电影，多把时间旅行用作特效与笑料的陪衬，编导绞尽脑汁，目的是让观众可以不动脑子享受高概念的乐趣。如今的观众没有那么“娇气”了，影片的烧脑程度也随之提升。死亡幻觉，时空线索，源代码，时空罪恶，死亡游轮，环形使者，若在毫无准备下看完，要则似懂非懂，要则云里雾里，而且官方也不保证有正确唯一的答案，在互联网开辟延伸的解谜讨论，激发头脑风暴，是科幻爱好者痴迷的话题源泉。\t2大制作盛行。逆转未来，明日缘边两部超一流大制作，让人意识到时间旅行的高概念形式完全可以与高预算、大特效并行不悖。此前，终结者、回到未来等大片将穿越表现得尽可能通俗，情节复杂的则多半带有小众意味，这是电影的商业本质所决定的。新世纪以来，随着其他题材的高智商大片如黑客帝国，盗梦空间在流行文化掀起波澜，大众对高概念科幻片的接受程度越来越高，时间旅行成了新的宠儿，诸如时空线索，环形使者，源代码等内核过硬的作品，都有大明星加盟和相当的特效场面，事实证明，票房依然可观。今年还有一部万众期待的星际穿越，可想诺兰的电影一定不会肤浅。\t3多元素混搭。早期科幻片多半用一两个点子就能撑起一台好戏，人猿星球仅靠一个逆转包袱，回到未来就是不停修正平宇宙。如今爱思考的影迷可能会觉得意犹未尽，所以死亡幻觉既有时空裂缝，又有涟漪效应，时空线索从量子现实引出平行宇宙，源代码在此基础又掺入时间循环，环形使者既把蝴蝶效应高调化、实用化，又不乏十二猴子的黑色幽默。电视剧有更多的篇幅将混搭进行到底，英雄，迷失借用时间理论百无禁忌，神秘博士更是什么拿一点，不断对五十年来累积下的因果漏洞拆了东墙补西墙，虽然不够严谨，但将时空的奥妙烘托得淋漓尽致。时间旅行也与其他高概念元素混搭，死亡游轮与“濒临死亡片”即将一切异象解释为死者临终的环境难舍难分，展开更多解读空间；粉丝向作品如关于时间旅行的热门话题，充满自己调侃自己的反类型特征；而星际穿越来势汹汹，其磅礴和精深大有挑战2001：太空漫游之势。时间旅行的未来，是一片光明的。文/方聿南\t\n", 
  "time": "2014-06-09 11:16:02", 
  "title": "跟着电影，上一堂时间旅行课", 
  "type": "synthetic_review"
 }, 
 {
  "author": "1329080", 
  "comment_id": 1, 
  "movie_name": "", 
  "rating": "", 
  "text": "\t从我，是进入悲惨之城的道路\t从我，是进入永恒痛苦的道路\t从我，是走进永劫人群的道路\t……你们来到这里的，把一切希望都捐弃吧！\t——但丁神曲\t我选出的这份名单，都是些离经叛道、惊世骇俗的电影，涉及的是吃人、吃屎、恋尸、恋兽、虐待孕妇婴儿等匪夷所思的题材。请未成人自觉离开。\t——评选人：芦哲峰\t十大变态电影之十：甜蜜电影Сладкий\tФильм\t导演：杜尚•马卡维耶夫Dusan\tMakavejev\t杜尚是前南斯拉夫电影大师，艺术水准在库斯图里卡之上。杜尚电影的两大母题是“政治与性”，其艺术手法之多元，放眼影坛，罕有对手。这部甜蜜电影是他争议最大的作品，很多地方已完全超出正常人的正常逻辑，各种胡闹，各种乱搞，各种对着镜头拉屎撒尿，让人颇感震惊。\t十大变态电影之九：困惑的浪漫Nekromantik两部\t导演：尤戈·布特格雷特Jörg\tButtgereit\t表现恋尸癖的电影不多，困惑的浪漫是难以超越的经典。现在看来，唯一的缺憾是绿油油的尸体有点假，那也没办法，技术有缺陷，观念来弥补。两部电影的主题一脉相承，所以视为一部入选。如果只能二选一的话，我选第一部。恋尸，意味着迷恋死亡，恋尸到一边自杀，一边射精的地步，是真正的牛逼。\t十大变态电影之八：食人Cannibal\t导演：玛丽安·多拉\tMarian\tDora\t吃人，一向是人类社会的禁忌，却在大饥荒之年，时有发生。然而，不为填饱肚子的吃人，只能归于变态。本片根据真实事件改编，一个男人在网上刊登了一条征人被吃的启事，另一个男人看到之后，欣然应征。两人见面、做爱、阉割、解剖、进食，很血腥，又很诗意。\t十大变态电影之七：影电亚维尔塞部一mliF\tnaibreS\tA\t导演：斯尔詹·斯帕索耶维奇\tSrdjan\tSpasojevic\t天知道，这部电影得罪了哪方神圣，连豆瓣网都删除了条目，一涉及这个名字就要审核，而且通不过。有人说这部电影影射了政治，可即使如此，又与中国有何相干？真是莫名其妙。片子比较突破底线的有两处：一个壮汉操一个新出生的婴儿；以及男主在迷幻状态下鸡奸了自己的儿子。\t十大变态电影之六：粉红色的火烈鸟Pink\tFlamingos\t导演：约翰·沃特斯John\tWaters\t一部恶趣味的老电影，有着嬉皮时代的印记。他将菊花对准镜头，一张一缩，还带着屎。正襟危坐的人会感到冒犯，玩世不恭的人会为他喝彩。演员很敬业，吃的是真狗屎狗屎在此处是狗屎的本意，名词，非形容词。\t十大变态电影之五：人体蜈蚣2The\tHuman\tCentipede\tII\t导演：汤姆·希克斯Tom\tSix\t导演先拍了一部叫人体蜈蚣的电影，然后为这部电影创造了一个疯狂的粉丝，于是有了人体蜈蚣2，这位粉丝的梦想很单纯，只是想把一个人的嘴和另一个人的肛门缝在一起，一个又一个地连成串，连成串的目的也很单纯，就是让他们连环大吃屎。\t十大变态电影之四：一个人和他的猪Vase\tde\tnoces\t导演：蒂埃里·芝诺ThierryZéno\t人操猪，猪生崽，吊死猪崽给猪看，猪都疯了。你丫这是挑战猪的底线吗？猪死后，人吃屎，先是煮熟吃，后来生着吃，最后自挂东南枝。此片一出，其他恋兽电影，皆是浮云。\t十大变态电影之三：下意识的残忍Subconscious\tCruelty\t导演：卡里姆·胡桑Karim\tHussain\t难得的不是变态，也不是文艺，而是又变态，又文艺。下意识的残忍堪称史上最变态的文艺片，也是最文艺的变态片。中间有一幕，一个男人，看着自己的妹子生孩子，在孩子生出一半的时候，杀死了孩子，又杀死了妹子。脏兮兮的唯美，血淋淋的诗意，絮叨叨的独白。\t十大变态电影之二：索多玛120天Salò\to\tle\t120\tgiornate\tdi\tSodoma\t导演：皮埃尔·保罗·帕索里尼Pier\tPaolo\tPasolini\t这片子太脏了，脏得近乎神圣。尤以吃屎，闻名于世，相信大家如雷贯耳，因此，我不多说。帕索里尼是大师级导演，却因为这部电影殒命，可见，现实与电影一样残酷。\t十大变态电影之首：呕吐戈尔三部曲Vomiting\tGore\tTrilogy\t导演：路西尔.维纶泰恩Lucifer\tValentine\t挖眼、剥皮、切臂、割喉、电锯开颅，各种呕吐……；掏肠子、斩首、掀天灵盖、射精血、撒尿、喝尿、把大蜘蛛缝进阴道，各种呕吐……；用十字架自慰、吃活蟑螂、往自己嘴里撒尿、剖开孕妇肚子拽出胎儿榨成汁喝进去再吐出来，各种呕吐……，此为活地狱，突破全部底线。希望，闻者却步。\t", 
  "time": "2011-12-02 16:12:46", 
  "title": "十大变态电影（终极版）", 
  "type": "synthetic_review"
 }, 
 {
  "author": "1329080", 
  "comment_id": 2, 
  "movie_name": "", 
  "rating": "", 
  "text": "\t选片子，其实也是选导演。\t我个人最喜欢的25位导演：\t欧洲：路易斯·布努埃尔；阿涅斯·瓦尔达；迈克尔·哈内克；杨·史云梅耶；皮特·帕恩；克日什托夫·基耶斯洛夫斯基；罗伯特·布列松；安德烈·塔科夫斯基；贝拉·塔尔；拉斯·冯·提尔；杜尚·马卡维耶夫；雅克·范·多梅尔；米开朗基罗·弗兰马汀诺；\t亚洲：洪尚秀；蔡明亮；胡金铨；阿巴斯·基亚罗斯塔米；今村昌平；李翰祥；松本俊夫；寺山修司；\t美洲：斯坦利·库布里克；吉姆·贾木许；昆汀·塔伦蒂诺；加斯帕·诺；\t最喜欢的100部电影如下：\t1、天地玄黄\t导演：罗恩·弗里克\t天地有大美而不言，人生有大悲不自知。每一个镜头都美到极致，胜过一切言语以及文字！\t2、2001太空漫游\t导演：斯坦利·库布里克\t人对宇宙的想象力，到此为止。最后半个小时，近乎癫狂。本片让我对电影产生敬畏之心。\t3、人类\t导演：扬·阿尔蒂斯-贝特朗\t对我而言，2001太空漫游天地玄黄和人类，是从宇宙到自然再到人类的天地人三部曲。2001太空漫游带我仰观天空、想象宇宙；天地玄黄令我俯视大地、直面自然；人类让我凝视人生的痛苦与不幸。宇宙洪荒，天地玄黄，而人生苦短——生老病死苦，生离死别难。\t4、尘与雪\t导演：格利高里·考伯特\t水天相连，大象游泳。姑娘起舞，和尚行船；黄沙漫漫，猎豹逡巡。大海汪洋，鲸鱼唱歌。这不是电影，是梦幻。美得让人来不及哭泣，便已窒息。\t5、红楼梦\t导演：谢铁骊\t/\t赵元\t与87电视版红楼一时瑜亮，互有短长。不如电视版处：1、音乐略有不如；2、陶慧敏版林黛玉比之陈晓旭，柔弱有余，个性不足；3、刘晓庆版王熙凤用力过猛，此为全剧最大败笔；4、结尾采用高续。高鹗不仅文才有限，对人生的理解更不及曹公之万一。除以上四点外，其余种种均有过之。\t6、极乐同盟\t导演：杨·史云梅耶\t史云梅耶的电影是独一无二的，之前不曾有过，之后也不会再有，连模仿都不可能。\t7、阿涅斯的海滩\t导演：阿涅斯·瓦尔达\t看哭了，爱你，瓦尔达，八十岁了，你越活越通透；对影像天生的好感觉，永恒的童心，天马行空的想象力，在我眼里，你近乎于神。\t8、自由的幻影\t导演：路易斯·布努埃尔结构酷似儒林外史，讽刺有过之无不及。布努埃尔堪称吴敬梓的异国晚辈知己。\t9、生命之树\t导演：泰伦斯·马力克\t生命无价，生命无常，生命的真谛，大爱无疆。这是一部只能以伟大来形容的电影，儿女情长，宇宙洪荒。\t10、反基督者导演：拉斯·冯·提尔\t不疯魔不成活。惟大天才能离经叛道，是真勇士自惊世骇俗。电影史上最经典的开场由此诞生。\t11、遁入虚无导演：加斯帕·诺\t空中视角，飘来荡去。主观镜头，晃晃悠悠。生之虚有，死之虚无。死生之间，虚有实无。\t12、四次\t导演：米开朗基罗·弗兰马汀诺\t人的命运：每日劳作，放羊伐木烧炭，孤独死去；羊的命运：变成奶，变成肉，变成屎；树的命运：被采伐，被锯断，被烧成炭；炭的命运：化为热，化为灰，化为轻烟。\t13、无姓之人\t导演：雅克·范·多梅尔\t时间永远分叉，通向无数的未来，和过去；事关选择、回忆、时间、偶然、平行宇宙、蝴蝶效应……，比任何一部同题材的电影都要复杂，叙事手法完全打破常规，尤为难得的是拍出了美感。\t14、希林公主导演：阿巴斯·基亚罗斯塔米\t如此想法，空前绝后。如此拍法，绝后空前。终于明白戈达尔为什么会说：电影止于阿巴斯。\t15、死者田园祭\t导演：寺山修司\t流浪马戏团，隔壁美少妇。诡异少年梦，死在田园；墙上一座钟，地上一个洞。百年孤独史，再见箱舟。\t16、空山灵雨\t导演：胡金铨\t空山不见客，但闻灵雨声。东方有禅意，最爱胡金铨。\t17、花为媒\t导演：方荧\t吴祖光才高八斗才比子建，新凤霞风华绝代风情万千。看得我眼花缭乱如梦如幻，听得我满耳生香如醉如仙。\t18、爱恋\t导演：导演：加斯帕·诺\t太初有性，有性则生。上天入地，惟性为尊。万事万物，惟性为大！\t19、蔷薇的葬礼\t导演：松本俊夫\t在不断自我否定以寻找自我的途中，我是伤人的剑，也是剑伤的人；希腊悲剧的东瀛版本，弑父娶母变成弑母睡父，更突破底线，也更触动人心；导演在艺术手法上做了大胆的尝试：跳接、拼贴、快进、闪回、静态图片、仿纪录片……从心所欲不逾矩，令人目不暇接；扭曲的倒错之美，绝望的同性之爱。\t20、趣味游戏\t导演：迈克尔·哈内克\t哈内克对人性之恶的揭露无人能及。观看这部电影，是一种极端的体验。能够摆脱这种暴力圈套的人寥寥无几，佛陀算一个，耶稣算一个，或许还应该加上甘地。\t21、洞\t导演：蔡明亮\t伊甸园里的亚当和夏娃需要一个苹果，瘟疫蔓延时的男女需要一个洞；21世纪了，还能听到葛兰优美的歌声，感谢蔡明亮。\t22、YHY\t导演：娄烨\t这是中国大陆第六代导演拍出的最好的一部作品，在我眼里，它甚至也是中国大陆导演拍出的最好的一部作品。它被禁了，是它必然的命运，你懂的。\t23、神秘列车\t导演：吉姆·贾木许\t贾木许拍出了人生的常态：无聊！无聊的人生，却有好听的音乐。神秘列车也许不是他最好的一部，但是没办法，我对三段式的结构情有独钟。\t24、江原道之力\t导演：洪尚秀\t洪尚秀是结构大师。我发现玩结构的人，都热爱讽刺。洪尚秀如此，布努埃尔亦如此。不同的是，布努埃尔的讽刺指向人性普遍的虚伪，而洪尚秀则对男性知识分子的虚伪更感兴趣。女人要想看清楚男人是个什么玩意儿，有必要到洪尚秀这里，取点经。\t25、潜行者\t导演：安德烈·塔科夫斯基\t塔可夫斯基的目光永远向上，潜行者就是一部纯粹的形而上影片。从始至终，我们被一股神秘的力量所引领，从最初的怀疑，到将信将疑，到姑妄听之，到宁信其有，到最后的失望。其实，结尾那个被意念推动的杯子，才是一切的答案。\t26、穿越时间的声音\t导演：弗兰科·皮亚维奥利\t蝉噪林逾静，月出惊山鸟。跟随镜头，我们看到儿童，看到纯净，看到少年，看到欢笑，看到青春，看到美好，看到恋人，看到甜蜜，看到中年，看到踌躇，看到老年，看到安详。当你驻足、凝视、倾听，你会被每一张生动的面孔，每一缕穿越时间的声音所感动，忘却营营，生命值得经历。\t27、心灵游戏\t导演：汤浅政明\t嗑药癫狂，忘乎所以，眼花缭乱，拍案惊奇。\t28、盖瑞导演：格斯·范·桑特\t云如泉涌，风吹草动，旭日东升，大地排卵。美到绝望为止！\t29、我嫁了个怪蜀黍\t导演：比尔·普莱姆顿\t想什么就是什么，想来想去都是性；纵然天马行空，无非屄屄屌屌。\t30、白丝带\t导演：迈克尔·哈内克\t以善之名行恶之实，专制之花结暴力之果，哈内克的刀又准又狠，对民族及个人罪恶根源的挖掘入骨三分，一如鲁迅。\t31、泯灭天使\t导演：路易斯·布努埃尔\t宴会过后莫名其妙走不出房子，这个创意简直是神来之笔；结果令一群衣冠楚楚的“贵人”原形毕露，讽刺的效果堪称绝妙。布努埃尔，如得神助。\t32、都灵之马\t导演：贝拉·塔尔\t看你套马车，看你赶马车，看你卸马车；看你穿衣服，看你脱衣服，看你洗衣服；看你煮土豆，看你吃土豆，看你吃完了；看你去打水，看你在烧水，看你水没了；看你大风吹，看你大风吹，看你大风吹……\t33、穆赫兰道\t导演：大卫·林奇\t我相信林奇绝不是在故弄玄虚或者故作高深，他应该是个真正的精神分裂症患者。有人说电影就是在造梦，那么林奇的梦最离奇。\t34、十诫导演：克日什托夫·基耶斯洛夫斯基\t陆陆续续看完了十诫，我想说，这哪里是一个导演在拍电影，这分明就是一个哲学家这个标签并不贴切在拍摄他的疑问，内容所涉包括宗教、哲学、伦理、道德、法律、情感等种种，我们经常会被导演带入一个进退维谷的两难处境，留下的是无尽的思考。\t35、黄色潜水艇\t导演：乔治·杜宁\t音乐、画面、色彩、造型、想象力全都无懈可击，披头士歌曲与波普艺术和动画的结合，空前绝后。\t36、死囚越狱\t导演：罗伯特·布列松\t绚烂之极归于平淡，是另外一种纯粹。布列松是一个源头，我个人偏爱的哈内克和杜蒙，都可以上溯至此。\t37、我是古巴\t导演：米哈依尔·卡拉托佐夫\t天下第一长镜头当之无愧！冲这牛逼的镜头，怎么溢美都不过分。\t38、日月无光\t导演：克里斯·马克\t用影像重构记忆，既不是真实的历史，也不是虚构的故事，是诗。诗由世人书写，却被诗人发现。诗人最能捕捉这个世界细节的动人之美。\t39、爱情万岁\t导演：蔡明亮\t和贾木许多少有些相似，蔡明亮的电影是边缘的，疏离的，外在于人的一切都被淡化，只剩下一张孤独的、忧伤的脸。\t40、雾中风景\t导演：西奥·安哲罗普洛斯\t雾中风景，如诗美丽！我看过的最诗意的长镜头来自安哲罗普洛斯，但这份诗意的长镜头呈现给我们的却是成长的残酷。\t41、铁西区\t导演：王兵\t第一部工厂：破破烂烂的工厂即将倒闭，破破烂烂的工厂正在倒闭，破破烂烂的工厂已经倒闭，灰头土脸的工人将何去何从？一股末世的气息扑面而来。王兵用他的镜头记录了这一大厦将倾的历史时刻，也注定会被历史牢牢记住。\t第二部艳粉街：镜头从工厂转向街道，离我们的距离更近了。我对这部的喜欢，超过第一部，因为那些无所事事的年轻人，那些家徒四壁的普通人，无比生动而真实。没有刻意，没有编造，没有伪饰，更没有煽情。在中国，其实不需要编剧，光怪陆离的现实拍出来就是电影，所以出现目前这样的局面：中国最好的电影，都是纪录片。\t第三部铁路：当老杜因为在铁路边上捡煤块被抓，小杜拿出从前的照片给王兵看时哭了，我的眼泪也没忍住，要多硬的心肠才能对这些悲伤无动于衷？当火车驰过一座又一座工厂的残骸，一个时代的背影渐行渐远，我们跟随镜头投去最后的一瞥，从此一切都不复存在。感谢王兵！\t42、蓝色果冻海导演：希拉·格芬\t一只水母，在无边无际的海中跳舞。被水包围，依旧口渴，是鱼群无法理解的孤独。\t43、绝美之城\t导演：保罗·索伦蒂诺\t绝美而空洞，浮华而颓败，癫狂而落寞，诗意而忧伤。喝酒纵歌，肆意酣畅恣欢谑。杯残狼藉，泪飞顿作倾盆雨。片如其名，绝美之城，美得如此绝望。唯有死亡，唯有死亡能止住你的悲伤。\t44、半梦半醒的人生\t导演：理查德·林克莱特\t真人拍摄，动画呈现，形式非常独特；哲学电影，梦的解析，内容非常深刻。\t45、撒旦探戈\t导演：贝拉·塔尔\t撒旦踏着探戈的舞步，一日长于百年的孤独；七个小时的长镜头，没完没了的雨，潮湿的绝望令人喘不过气；还是那句话：真正的大师靠镜头说话，不靠故事。\t46、山之外\t导演：克里丝蒂安·蒙吉\t对于有信仰的人，欲望是毒药，宗教是解药；对于没有信仰的人，宗教是毒药，欲望是解药。\t47、小东西\t导演：朱文\t中对外，东对西，古对今，茶对酒，鸭对狗，羊对牛，地震对奥运，蝴蝶对庄周，是耶非耶，醒耶梦耶。\t48、女人之湖\t导演：吉田喜重\t女人如湖，潮骚暗涌。树欲静而风不止，身欲盖而心弥彰；结尾在悬崖上那组镜头，一个动作，六个角度，让人拍案赞叹。沸腾的海水，就像我开了锅的心情。镜头、构图、视角、光线、调度均已臻完美之化境，无懈可击。\t49、礼物\t导演：米开朗基罗·弗兰马汀诺\t对于一个行将就木的老人，一张意外出现的色情图片，一个年轻妓女温暖的肉体，都是告别这个世界之前最好的礼物；结局是波澜不惊的惊心动魄，在平静之中，震撼之外，尘归尘，土归土。\t50、雪莉：现实的愿景\t导演：古斯塔夫·德池\t独坐蹙娥眉，凭栏海风吹。人美画也美，画在人已非。\t51、浮生一日导演：凯文·麦克唐纳\t众生浮世绘，平常一日；一沙一世界，一日一生。我以百分之百的诚意，推荐这部电影，它其实不是电影，它就是生活本身。最真实的感动，永远来自于最平凡的生活。这是上帝的杰作，远胜于人造的故事。\t52、结果\t导演：章明\t空荡的海边，两个素不相识的人，找一个永不出现的人。然后一个走了，一个留下，换一个人，继续找那个永不出现的人，所有的细节重来一遍，一切似乎都没变，一切又都变了样。章明玩得很高级，结构堪比洪尚秀。\t53、算命\t导演：徐童\t赵本山折腾一辈子，赶不上历百程一个脚趾头。至高境界的表演便是不演而演，自然而然。唯历百程能本色，是唐小雁自风流。老天爷饿不死瞎家雀，各人自有各人的道儿。\t54、年轻气盛\t导演：保罗·索伦蒂诺\t成长是污泥，爱情是不染。死亡是解脱，老去是惩罚。\t55、刺客聂隐娘\t导演：侯孝贤\t听针落，于惊雷。青鸾舞镜，大道至简；看日出，于日落。江山如画，大美无言。\t56、爱\t导演：迈克尔·哈内克\t每每看见行将旧木的老人，悲悯之外，更觉恐怖。老，意味着行动迟缓，反应迟钝，记忆衰退；老，意味着肤如沟壑，齿秃发落，面目可憎；老，意味着百病缠身，苟延残喘，与药为伍；老，意味着性格乖戾，思想陈旧，与新鲜事物不能相融……哀莫大于老，可我终归也有老的一天；本片拍出了我心底深深的恐惧。\t57、心灵印记\t导演：莫森·玛克玛尔巴夫\t信仰发乎于心，真理不假外求。踏遍千山万水，不出自家花园。\t58、楢山节考\t导演：今村昌平\t今村昌平的目光总是向下，用他自己的话说：我将书写蛆虫，至死方止。在他拍摄的所有怪力乱神里面，楢山节考是最悲天悯人的一部，人生之苦，人性之恶，人世之残酷，面对这些，谁都别想转过头去。\t59、达格雷街风情\t导演：阿涅斯·瓦尔达\t瓦尔达，一个能从最日常、最平凡的场景里发现诗意的神奇老太太。\t60、有机体的秘密\t导演：杜尚·马卡维耶夫\t艺术手法多变多元，兴之所至，心到神来。拼贴玩得好，剪辑尤其特别。解构政治与性的秘密，以纪录片始，以超现实主义止，影片最后那颗突然开口说话的人头，一下子击中了我。不愧是饱受非议和谩骂的天才人物。\t61、索多玛120天\t导演：皮埃尔·保罗·帕索里尼\t这片子太脏了，脏得近乎神圣。尤以吃屎，闻名于世，相信大家如雷贯耳。帕索里尼是大师级导演，却因为这部电影殒命，可见，现实与电影一样残酷。\t62、阿门\t导演：金基德\t形式玩到放弃内容才是牛逼。这是金基德最好的作品，也注定是分数最低的。\t63、最好的时光\t导演：侯孝贤\t最好的果子，最先被采摘。最好的时光，最容易浪费。\t64、幸福\t导演：阿涅斯·瓦尔达\t1、这是法国版的红玫瑰与白玫瑰，我爱这里的每一个人，因此特别希望他们三个人能幸福的生活下去。因为在我的观念里，爱从来就不是自私，不是占有，爱是分享，爱是让对方幸福；2、如果没有咖啡，就给我一个吻吧，法国人真是浪漫到骨子里；3、电影的色调美极了，以色调的变化来转场，感觉很特别。\t65、水牛城66\t导演：文森特·加洛\t很有贾木许的范儿。加洛的才华在这部片子里一展无余，难怪那么多人对他抱有期待。看过这部片子，自然也就理解，为什么大家都对棕兔不满，并不是棕兔太差，而是这部太好；女主角符合我的审美：白、眼睛大、肉感、小个子、金发、眼影、丝袜，简直没治了。\t66、五至七时的奇奥\t导演：阿涅斯·瓦尔达\t很多人说瓦尔达是“女版戈达尔”，要我看比戈达尔细腻多了。尔达已抵达，达尔未达尔。\t67、诸神的欲望\t导演：今村昌平\t日本最好的导演是小津和今村，二人就像一枚硬币的两面，一正一邪！小津的电影极正，人性美好的一塌糊涂。今村的电影极邪，各种怪力乱神。\t68、再见箱舟\t导演：寺山修司\t墙上一座钟，地上一个洞。生者疯癫史，死者田园祭。百年孤独，再见箱舟。\t69、绿光\t导演：埃里克·侯麦\t最是那一抹神奇的绿光！\t70、月升王国\t导演：韦斯·安德森\t如果能穿越回自己的少年，我也要找一个两小无猜的姑娘，私奔到月亮升起的王国。\t71、兰陵王\t导演：胡雪桦\t迷醉的酒神传统，原始的图腾文化。杨丽萍的舞蹈，朱哲琴的音乐，当代艺术领域的两朵奇葩，相映成辉。摄影极富美感，总体风格：苍凉，修远。\t72、色戒\t导演：宾·纳伦水滴不回归大海，必将干涸；水滴回归于大海，方得解脱。\t73、北地胭脂\t导演：李翰祥\t首先镜头好，变焦加广角；其次结构好，三段故事连环套；第一段民国戏，传统叙事，贫家妓女血泪史；第二段半纪录，讲述清朝皇帝的性生活，以及同治帝逛窑子的野史；第三段黄梅调，明朝正德皇帝与名妓佛动心的一段奇缘；最后演得好，于枫让人怜，胡锦骚又媚，何莉莉美且艳。此片堪称李翰祥电影之翘楚。\t74、日本昆虫记\t导演：今村昌平\t卑微如蝼蚁，顽强如草芥。\t75、抛掉书本上街去\t导演：寺山修司\t羞涩少年的成长，怒气冲冲的忧伤；寺山的第一部长片，全无章法，却才气纵横；影片最后，镜头缓缓扫过每一个演员及工作人员的面孔，突然很感动。\t76、情色沙漠\t导演：布鲁诺·杜蒙\t该有的元素都有了：裸体、性、公路、风景，以及不可或缺的意外和牛逼闪闪的结局。\t77、胶片时代爱情\t导演：张律\t胶片、时代与爱情，无色、无声又无人。形式和结构上大胆创新，与洪尚秀互为映衬。洪尚秀玩的高级，不着痕迹；张律玩的彻底，不留余地。大巧若拙，大屈若直，二者都好，各有其妙。\t78、南特的雅克德米\t导演：阿涅斯·瓦尔达\t被迫去拾荒的人值得怜悯，主动去拾荒的人令人尊敬。而最可爱的还是瓦尔达本人，这个老顽童一样的老太太。\t79、无水之池导演：若松孝二\t1、短评之白居易版：花非花，雾非雾，夜半来，天明去。来如春梦几多时？去似朝云无觅处；2、短评之徐志摩版：悄悄的你走了，正如你悄悄的来；你挥一挥衣袖，留下一桌饭菜。\t80、俄狄浦斯王\t导演：皮埃尔·保罗·帕索里尼\t古今穿梭，帕索里尼逢布努埃尔；弑父娶母，俄狄浦斯遇弗洛伊德。\t81、电话接线生的悲剧导演：杜尚·马卡维耶夫顺叙倒叙双线进行，穿插其间的是关于性和犯罪的谈论，政治运动的镜头，杜尚艺术手法之多元，俨然是男版瓦尔达。\t82、超新约全书\t导演：雅克·范·多梅尔\t仅仅是知道了自己的死期，一切就都不一样了，可见死亡的力量多么强大。或许爱情能够治愈孤独，而死亡可以治愈一切。结尾男性上帝被流放乌兹别克斯坦，女性上帝让天空开满鲜花。隔空呼应了浮士德的主题：伟大之女性，引导人类上升。\t83、花之谷\t导演：宾·纳伦翻过一个山坳我看到鲜花开满山谷，一朵花就是一朵局部的春天，当春天到来积雪将融化！\t84、千年女优\t导演：今敏\t一次邂逅，千年追寻。穿越不同的时空，唯爱永生。爱是恒久忍耐，爱是永不止息。\t85、毕加索的秘密\t导演：亨利-乔治·克鲁佐\t一幅画，好比一个孩子，画家好比母亲，那么看画画的过程，就相当于看母亲生孩子的过程，这个过程未必美好，但充满神奇。尤其是毕加索这种天才，谁也猜不到他下一笔是什么，比如那幅花变成鱼，鱼变成鸡，鸡变成人脸的画，如果只看成品，我们永远不会知道它是这么来的。这是艺术的神奇，也是创造的神奇。\t86、幽媾\t导演：郭伟伦\t诡异电影，赋诗二首，一者为幽，一者为媾，谓之幽媾。1、幽：荒村有孤鬼，青天无片云。枯树飘碎布，白石垒孤坟。穷山出恶水，陋习育刁民。嫁娶童养媳，盗墓鬼冥婚。2、媾：春生青花枝，缘尽闺女坟。洞房三人嬲，随羊到风尘。阴阳身两隔，幽冥酒一樽。鬼为清白死，人皆欲迷魂。\t87、你还活着\t导演：罗伊·安德森\t那些动作迟缓、面容悲伤、情绪化又神经质的人们，就是我们——潜意识里的我们，所以电影看上去真实又荒谬，现实又超现实。非常冷幽默，非常贾木许。\t88、寻找智美更登\t导演：万玛才旦1、长镜头，阿巴斯附体；2、声音的处理很巧妙：既能回避“表演”，又能把空出来的镜头对准沿路的风景，一边听故事，一边赏风景；3、一路寻找智美更登，到最后也没找到；一路想看姑娘芳容，到最后也没看到。很有想法。4、我们看到的是一个真实的、新旧观念碰撞的青藏，没有美化，没有丑化，没有神化。\t89、南特的雅克德米\t导演：阿涅斯·瓦尔达\t雅克对电影的热爱与坚持，瓦尔达对丈夫的追忆与怀念，令人动容；真爱与感动渗透在每一个细节里，这是最好的怀念方式，也是最真挚的作品。伟大的瓦尔达，幸福的雅克。\t90、旅行\t导演：费尔南多·索拉纳斯\t越荒诞，越真实；越魔幻，越现实；越是处处不在，越是无处不在。\t91、机遇之歌\t导演：克日什托夫·基耶斯洛夫斯基\t对于这部开启了罗拉快跑和蝴蝶效应的电影来说，我想谈的并不是它的技巧和形式。偶然还是必然，这是一个问题，甚至是一个根本的问题，世界观的问题。那么，你相信偶然，还是必然？！\t92、爱的曝光\t导演：园子温\t爱是原罪，爱是勃起，爱是救赎。\t93、曼陀罗\t导演：实相寺昭雄\t黑白彩色画面的交叉使用，变形的广角镜头，各种出奇制胜的拍摄角度，完全打破规则的构图，产生出一种匪夷所思的怪异之美。\t94、海鲜\t导演：朱文\t爱吃海鲜的人热爱生活，性欲旺盛的人热爱生命。是不是这样，道理都写在脸上。抢我冥币，快追；一枪爆头，该死；钱在逼里，两天。14年了，终得一见，未失望，甚牛逼。\t95、蓝\t导演：德里克·贾曼\t人之将死，其言也善，其心也蓝。\t96、欢愉\t导演：马克斯·奥菲尔斯\t镜头与故事完美结合的典范。运镜行云流水，转换娴熟，滴水不漏；故事来自莫泊桑，让观者对人性的虚伪与虚荣会心一笑又颇感无地自容。\t97、西力传\t导演：伍迪·艾伦\t伍式喜剧巅峰之作，伪纪录风格以假乱真，奥妙之处只可意会，观影体验如读博尔赫斯小说。\t98、旅行者与魔法师\t导演：宗萨蒋扬钦哲仁波切\t信佛的电影导演，可谓多矣。能拍电影的活佛，只此一位。用电影的方式来传播佛法，功德无量。\t99、牛郎织女\t导演：尹丽川\t这样一个国家，这样一群人民，这样一部电影，让人百感交集；尹丽川是纯正的学院出身，是学院派却无学院气。姿态低调，与主流若即若离，既不媚俗，也不媚权。本片直视底层那些无望却有着顽强生命力的人们，镜头干净洗练，语言简洁有力，表演克制内敛。凭此一部电影，诗人尹丽川足以笑傲中国影坛。\t100、轮回\t导演：罗恩·弗里克\t天地有大美，众生有轮回。岁月如流水，万物自葳蕤。\t补记：这个帖子最初写于2011年8月17日，当时应该是看过3000部，推荐30部——百里挑一，之后我说每多看100部电影，就加推1部电影，目标是完成5000部，推荐50部。到2015年8月29日，5000部电影看完，最后这2000部电影，历时4年，因为拖延症，推迟到今天才把帖子更新。推荐完第50部电影之后，意犹未尽，顺手又多推荐了50部，并且调整了之前的推荐顺序，于是就成了现在这个样子：看过5000部，推荐100部——百里挑二。\t因为这篇帖子，我本人没少挨骂，有说我装逼的，有说我吹牛逼的。其实我的想法很简单，独乐乐，不如众乐乐，古人早就说过。好东西拿出来与大家分享，本身就是一种快乐，送人玫瑰，手有余香嘛。所以，挨几句骂倒也没什么。有需要这些电影资源的人，可自带移动硬盘来我的占星工作室拷贝，必须免费。谢谢大家。\t其他好电影，可参见我的电影豆列：http://www.douban.com/doulist/200218/\t有需要资源，又不知道我工作室地址的朋友，可以加我的微信：15040201024\t不能来沈阳的话，请关注资源帝艾晨，里面大多数资源他都会有：http://www.douban.com/people/satan163/", 
  "time": "2011-08-17 13:01:46", 
  "title": "看过5000部，推荐100部——百里挑二", 
  "type": "synthetic_review"
 }, 
 {
  "author": "1819911", 
  "comment_id": 3, 
  "movie_name": "", 
  "rating": "", 
  "text": "俗套有理，bug难除\t——谈谈科幻电影的结构与逻辑\t文/电子骑士\t在看科幻片时，我们经常有这种体验：影片刚演到一半，聪明的你就已经猜到了结局；一个配角刚开了个玩笑，你就知道他会在3分钟内死于非命，领盒饭走人；在众人面对外星怪物入侵无所适从时，一个毛头小伙子异想天开，你就能确定最终是他拯救了地球顺带抱得美人归……俗套俗套俗套，全是俗套。还有科幻片中无穷无尽的bug：独立日中地球人用自己研制的病毒放到外星人的飞船中，毁掉了对方的电脑系统；很有“硬科幻”风格的普罗米修斯中，科学家居然跑到外星用碳14同位素来测定遗迹的年代！超级战舰中能让庞大笨重的战列舰像高速快艇一样做出大动态规避动作；更不用提星球大战里的飞船在接近真空的太空里呼啸飞过的经典“伪科学”段落了。这真是“俗套传三代，bug毁全片”呀。\t不过今天，我并不想和大家一起列举、批判、吐槽科幻片中的俗套情节、桥段以及各种反科学bug关于后者，我曾写过一篇电影你不爱科学。恰恰相反，我是来为其辩护的！我认为：俗套有理，bug难除。\timg=1:C/img\t三幕式与英雄的12步\t科幻电影，或者说大部分商业电影都有俗套。整体上看，商业类型片的结构就是一种稳定的套路形式。绝大多数商业片，都遵循着“三幕式结构”Three-act\tstructure——它来自亚里士多德时代就提出的戏剧理论，即所有戏剧都包含开始、中间、结束三个阶段，且需要按照某种比例来分配三者。这和中国古代写文章讲究的“起承转合”是一个意思。\t现代商业片的片长大致在90分钟到120分钟之间，这三幕直接的比例基本是1:2:1，也就是说，如果电影片长90分钟，那么第一幕序曲大概时间是22分钟，第二幕发展和高潮要占到45分钟左右，结尾第三幕也是22分钟。其中第一幕旨在铺陈，第二幕制造对立，第三幕则是解决。自然，到今天仍然有在戏剧结构上采用多幕的电影存在，比如夺宝奇兵就有七幕。但幕越多，故事就越发复杂，既容易让观众面对一次又一次的刺激感到疲倦，又容易让人有雷同之感。\t你看，难怪科幻电影一拍起外星人入侵来，都是一个套路呢——序幕：地球人平静的生活，顺便交待男女主角的环境、性格；接着第一幕的高潮来临，外星人忽然降临，令地球陷入混乱，主人公的命运或爱情也面临危险。发展：地球军队开始反击，但完全无效，N小时之后，外星人就将全部摧毁人类文明。人类面临前所未有的打击。这一幕中会有主人公的爱情发展，他会在这个事件中脱颖而出占据关键位置，并发现了外星人的弱点。结尾一幕：人类只剩一线生机，主人公战胜外星人的办法看起来异想天开但也只能拼死一试，各种矛盾大爆发、大解决包括女主角对男主角回心转意、之前一直阻止男主角的某配角或被杀或醒悟等等，最终主人公在各种机缘巧合天时地利的帮助下一击成功，消灭外星人，人类在最后一刻得救……哦，别忘了留个拍续集的小尾巴，比如让某个被炸飞的外星人肢体在最后一个镜头中动了一下，或者某个外星仪器忽然自动亮起红光向母星发出信号！参考电影：独立日、第五元素、洛杉矶之战、超级战舰、天际浩劫、世界末日、世界之战、变形金刚等等\t其实不仅是这种描写外星人入侵的科幻片，你看看西部片、动作片，那个不都是有套路来的？这种三幕式的戏剧结构保证了故事发展的最基本节奏，剩下的就是在此基础上加以变化发挥了。商业电影的高明或优秀与否，往往不在于它是否有完全的创新，打破这些叙事规则。反而是看它能不能“戴着枷锁跳舞”，在规则中玩出新意。所谓“清风明月常有而四时光景常新”，说的就是这个道理。\t更有趣的套路还不仅仅是三幕结构这样简单。有一位美国比较神话学学者约瑟夫·坎贝尔在1949年出版了一本叫千面英雄The\tHero\twith\ta\tThousand\tFaces的书，通过对东西方神话、宗教、传说的分析，总结出了一个英雄的原型，用12步概括了文学艺术中英雄历险的全部要素。“英雄从日常生活的世界出发，冒种种危险，进入一个超自然的神奇领域；在那神奇的领域中，和各种有威力的超自然体相遭遇，并能取得决定性的胜利；于是英雄完成那神秘的冒险，带着能够为他同类造福的力量归来。”引自千面英雄一书\t这本书被好莱坞编剧们奉为圣经，通过对这12步或者说12种元素的排列组合，几乎可以把所有商业电影、小说的故事模式一网打尽！当年，乔治·卢卡斯就是受这本书的启发，才写完了星球大战的剧本。星球大战之所以成功，跟它主动采用千面英雄中的套路有极大关系。电影星球大战正可以看做是对这个理论体系的完美诠释。后来再版的千面英雄封面赫然就是以星球大战的画面为主的。\timg=2:C/img\t千面英雄把英雄历险的过程分为下面这12步——\t1.\t平凡世界Ordinary\tWorld\t2.\t冒险的召唤Call\tto\tAdventure\t3.\t拒绝召唤Refusal\tof\tthe\tCall\t4.\t与智者的相遇Meeting\twith\tthe\tMentor\t5.\t跨过第一道门槛Crossing\tthe\tFirst\tThreshold\t6.\t测试、盟友、敌人Tests、Allies、Enemies\t7.\t深入虎穴Approach\tto\tthe\tInmost\tCave\t8.\t苦难Ordeal\t9.\t奖赏Reward\t10.\t[归途:::dt10078293]]The\tRoad\tBack\t11.\t复活Resurrection\t12.\t拿到不死药Return\twith\tthe\tElixir\t几乎所有科幻电影都会涉及到冒险之旅的内容，同时也基本都是关于英雄的——我在之前的文章中就说过，科幻电影本质就是当代神话，是科技时代的寓言。我们用这12步可以分析几乎所有的科幻电影，当然，并非每部电影中这12个元素都一条不少，而且它们也不一定以这样的次序出现。让我们以黑客帝国为例，看看电影是怎样运用这一结构讲故事的：\t尼奥是一名普通的IT白领。1.\t平凡世界\t一天晚上，黑客崔妮蒂找上尼奥，警告他正身处危险当中。2.召唤\t翌日，上班时居然来了一班神秘人要捉拿尼奥，但他还不完全相信墨菲斯对他的帮助。3.拒绝\t之后尼奥终于与传说中的墨菲斯会面。4.遇见智者\t墨菲斯问尼奥想知道什么是Matrix吗：吃下蓝色药丸便回到原来的世界，吃下红色的便能知道真相。尼奥选择了红色的。5.第一个门槛\t来到“真实的世界”之后，尼奥认识了墨菲斯飞船上的船员，接受他不同的训练和考验。6.测试\t其后他们一行人被奸细出卖，墨菲斯在Matrix内被擒。尼奥跟崔妮蒂决定将自己再次载入Matrix，到史密斯探员的大本营拯救墨菲斯。7.深入虎穴\t尼奥发现自己竟能像史密斯他们一样高速躲避子弹。9.\t奖赏\t救出墨菲斯后9.奖赏，他们准备尽快离开Matrix。10.归途\t崔妮蒂和墨菲斯先后离去，但尼奥却被史密斯探员一枪打死。崔妮蒂给了尼奥的肉身一吻后，尼奥居然复活过来。11.复活\t尼奥终于相信自己就是救世主。12.不死药\t毋庸置疑，黑客帝国是一部极具创新性、原创程度极高的科幻电影，很多的概念、影像、情节都别出心裁。但它也是一部严格遵循千面英雄中英雄历险模式的电影。可见，结构的模式化并不会导致影片落入俗套，显得陈词滥调，令观众厌烦。真正的问题是如何在你的冒险历程中展现全新的细节、场景，如果借结构更好地完成角色塑造，表达出新的思想与态度。比如第九区也可以用英雄的12步来分析，但其“外星人沦为地球灾民”的设定就非常新颖独特，更重要的是，影片通过这种设定和一系列细节去反映种族矛盾这一主题，把科幻电影的隐喻性和折射时代问题的特质发挥得淋漓尽致。\timg=3:C/img\tBug：逻辑还是真实？\t结构的俗套并不会掩盖一部伟大电影，尤其是科幻电影的光辉。但细节的bug却可能毁掉电影。忘记哪位作家说过：看一部小说时，如果读者脑海中不断出现“这不真实”的质疑细节的念头，哪怕小说故事再好，内涵再深刻，也不会是一部优秀的小说大意如此。细节的错误、虚假，往往是编剧功力不足的缘故。但有时候，一些细节的bug也是编剧不得不做出牺牲的结果。完美无瑕的电影是不存在的，哪怕是能把一个镜头拍上数百遍，以追求完美著称的导演，如库布里克或希区柯克，其电影中一样存在着不少细节bug——比如说在2001太空漫游中，宇航员在月球活动时，你会发现他们的步伐与在地球时完全一样，并不像在一个重力只有地球六分之一的星球上的样子。这些bug多半无关紧要。\t让我们从编剧的角度去看看文章开头提到的哪些bug吧。比如独立日中用人类的电脑病毒侵入外星人的系统这件事。首先，该片拍摄于1996年，那时候电脑对一般人来说还是很先进高端的东西。大众对操作系统、黑客、病毒等等还相当陌生。这个背景是编剧可以一定程度上无视bug的基础。\t更关键的是，也许编剧可以把“以电脑病毒形式攻击外星人”这个点子编得很完美没有漏洞，但那会增加很多本来不必要的笔墨，让电影变得冗长无趣——我们可以设想，要想非常科学严谨地在独立日中让地球人成功，可能需要：增加人类获得外星系统的戏份；外星人系统被地球人研究；经过长期研究和反复测试，并创造了新的电脑程序、病毒制作之后，再想办法在结尾把病毒上传进外星母舰——而经过前面的剧情铺垫，你可能对结尾早已失去了意外的期待，剧情也变得更芜杂散漫。\t这样讲并非意味着独立日里的bug就是没有问题的。我们只是说，这是编剧权衡之后，在有限的范围内找到的中规中矩、可用的、代价最小的办法。科学研究上有所谓的“奥卡姆剃刀原则”Occam's\tRazor，也可以叫“极简原则”：若无必要，勿增实体。或者说：当你有两个处于竞争地位的理论能得出同样的结论，那么简单的那个更好。电影剧本也是如此。我们在普通的剧情片中到处都能看到不符合生活常识的“bug”，比如打车不给钱、出门伸手马上就能打到车、回家或出门不锁门、在咖啡馆要一杯咖啡却不给钱就匆匆离开……但极少有观众会因此责备电影不够真实。因为电影有其自己的逻辑，只要基本自洽，就可以让观众接受。\t再比如说普罗米修斯，影片中的科学家们显得完全缺乏应有的基本常识：他们被忽悠参加一个完全不清楚目的的考察；他们跑到一个奇异的外星世界却在采集标本时完全不注意安全；科学家用古代的星图与历代的星图对照，最终发现了外星世界的地点，却全然不考虑数千年来星星的位置在地球人看来是发生变化的；至于说拿只适用于地球的碳14同位素方法来测定外星人年代的情节更是100%的错误了。尽管有这么多bug，我们仍然不能轻易把普罗米修斯划为烂片，为什么呢？因为这些细节对于普通大众来说，并不致命请原谅我对大众科学素养的低估吧。普通观众只要明白“哦，他们在探险，在做研究”就足够了。能按照正确的科技常识来讲故事固然好，如果没有，只要这些细节“看起来像真的”也就够了。\t亚里士多德说过：“为了故事的目的，一个令人信服的不可能性要比难以置信的可能性更为可取。”换句话说，电影情节、细节的可信性与它是否在现实中存在无关。可信性是一种内在的逻辑统一。你看到异形中的怪物的血液具有强酸性，能够腐蚀金属时，不会觉得这不真实，是bug。这个细节设定在现实中是不成立的，但它是可信的，在电影中是逻辑自洽的。\t最后，我们再以黑客帝国为例，看看优秀的科幻电影在细节逻辑上是如何处理的——在黑客帝国结尾，影片同样是绝境大反击的结构：尼奥被Matrix派来的探员打死，墨菲斯和崔尼蒂等人期待的救世主似乎成了泡影，关键时候尼奥复活，忽然拥有了“超能力”，能静止子弹、钻入史密斯探员体内把他消灭——这个离奇的结尾却并无一点突兀不合理的地方。为什么？因为它并没有超出整个影片的设定独立日中设想的是近未来，地球科技并没有巨大的发展，因此在影片中出现以地球人的病毒攻击外星人电脑的情节有点缺乏足够的逻辑支持。但黑客帝国一直在暗示，尼奥需要掌握虚拟世界的本质，才能激发出真正的力量。既然在Matrix里大家都是程序创造的幻象，结尾的神奇就不难理解了：崔尼蒂之吻实际是给了尼奥部分自己的代码这部分情节在黑客帝国2里有更详细地描述，莫妮卡·贝鲁奇饰演的珀尔塞福涅非要尼奥吻她，就是要从他那里偷取部分代码，她的代码让尼奥的程序重新启动或者不如说激活，尼奥得到这部分代码后终于升级，变成了救世主。这个升级了的程序能取得Matrix的root权权且借用现实里的网络概念。所有其他程序，包括探员，在尼奥面前全都呈现出源代码的状态，任其改写删除，尼奥就是这样消灭了探员史密斯。\t由此，英雄历险的结构与逻辑严谨科学上可信的细节，完美结合在了一起！\t", 
  "time": "2013-07-11 16:14:11", 
  "title": "俗套有理，bug难除——谈谈科幻电影的结构与逻辑", 
  "type": "synthetic_review"
 }, 
 {
  "author": "43451316", 
  "comment_id": 4, 
  "movie_name": "", 
  "rating": "", 
  "text": "1、死囚168小时Dead\tMan\tWalking1995\t：苏珊·萨兰登奥斯卡奖作品。西恩·潘演一个死囚，死前获得了宁静。而凶杀事实是渐渐呈现出来的，也并非重要，重要的是死囚的心理变化。\t2、刺杀肯尼迪JFK1991：检察官调查肯尼迪案。奥利弗·斯通导演，美国有人说他在不负责任地胡说八道，而另有一个我国网友曾说那个凯文·科斯特纳最后陈词的长镜头让他激动流泪。很好的法庭演讲啊，被很多人赞为经典。\t3、伸张正义And\tJustice\tfor\tAll1979\t：又名义勇急先锋，阿尔·帕西诺主演。北大一老师作文举例称此片主角是一个三流律师。是三流吗？不是，只不过确实是一个在生活中挣扎的律师，为公正与恶法官作鱼死网破式的斗争。说他是三流，太市井味了。本片对律师在公正与职业义务之间的挣扎也有很好的表现。\t4、甘地传Gandhi1982\t：甘地学法律的，也做律师。本片获得当年奥斯卡最佳影片。\t5、丑闻1950：日本法律电影，黑泽明重要作品。“故事以一个无能而又品质恶劣的辩护律师和一位委托他对损坏名誉案件做辩护的年轻画家为中心展开”，“压轴一场法庭戏差不多长达15分钟，镜头沉实，剧力迫人”。\t6、民事诉讼A\tCivil\tAction1998\t：又名“禁止的真相”“公民行动”，获得当年奥斯卡提名，着名律师电影，约翰·特拉沃尔塔主演，是由畅销作家强纳森哈尔的名作民事诉讼改编，为一真实故事。本片也常为国内法学老师提起，比如其中的睡醒后第一句是“我反对”情节。一部对美国现实法律的有很集中很细腻表现的优秀电影。\t民事诉讼故事叙述一当红律师，因接手一水污染案件而失去了一切；但与此同时，他才有机会认清法律真义及生命价值。他在一无所有的窘境下，继续研究该案，上诉时间长达八年，最后终于胜诉。本故事的构想始于十年前。着名作家哈尔受邀见证许立建律师承办的这件伍本案。许立建期待哈尔能将他叱吒法院蠃得胜诉的精彩过程写成畅销书。当时他是炙手可热、身价不凡的律师；手上已握有足够证据，非常笃定能打蠃官司。然而情况愈来愈糟，他追寻真相的同时，金钱、友谊皆被耗尽，不但一文不名，并负债累累。“我眼睁地睁看见一个人濒临崩溃。”作者哈尔回忆许立建本人说：“那是个无底洞，所有接近它的人都必须接受它的考验，它考验你的认知、信念、选择，迫使你检验自我的价值，真理的必要性，这是此案最迷人之处。”\t7、审判Procès,\tLe1962：法国电影，奥逊·威尔斯导演。警察询问嫌疑犯的过程。本片好象有美国翻拍版。\t8、芝加哥\tChicago\t2002\t：歌舞片，获得当年奥斯卡最佳影片。里查·基尔演一个擅长于操作的律师。\t9、死囚之舞Monster's\tBall2001：哈里·贝瑞获得当年奥斯卡影后。死囚妻子与狱警的故事，算是法律与心理电影。and,作为一个男人，不得不提到其中贝瑞非常性感的演出。\t10、兄弟的监护人Brother's\tKeeper1992：美国纪录片。法理争论。\t11、惊爆内幕The\tInsider1999\t：烟草诉讼之证人。阿尔·帕西诺、拉塞尔·克罗主演。\t12、永不妥协Erin\tBrockovich2000：茱莉亚·罗伯茨凭此片获得当年奥斯卡影后。法律工作者无牌律师的故事，中年妇女文化不高，只本着公平信念，在律师的配合下，打下一个巨大的官司。真人真事。\t13、立体谎言City\tHall\t1996：阿尔·帕西诺和约翰·库萨克主演。市长助理调查一起法官受贿案。在感情与仕途之前，选择说真话。\t14、大审判The\tVerdict 1982\t：保罗·纽曼演一个穷困于酒的律师办一个重振雄风的案子。本片能反映出在美国“小律师”与“大律师”法庭如何搏弈，富有信息，很能给人各种启发。好片啊。\t15、杀戒：年青律师与一个年青凶手的故事，主要可能是探讨死刑价值的问题时间长记不清。东欧电影，也能当成一部心理文艺片。\t16、丑闻：政治犯实录：韩国电影，并非那古装片。政治犯故事。\t17、最后时刻Reversible\tErrors2004：电视电影。即将伏法杀人犯竟让辩护律师对司法制度的正义性、人性的贪婪及为了不择手段达到目的所付出的代价产生疑问。检视所有在他人生中无法回头的决定，律师雷夫决心好好照顾住在市郊心理不稳定的妹妹，在人生十字路口上他找回了自己。\t18、盲井：提到了我国民工的劳动保险及人身保障的问题。\t19、伊芙琳\tEvelyn\t2002：爱尔兰影片，布鲁斯南演一个诉争子女抚养权的工人的电影。很好的法律电影。\t20、午夜风暴Guilty by Suspicion1991：又名“嫌疑犯”。罗伯特·德尼罗演一个在美国文革非美活动调查委员会时期中坚持说真话而被排拆的真人真事电影。政治越法律界的历史纪录，在有伟大法律传统的美国。\t21、费城故事Philadelphia1993：汤姆·汉克斯主演，获得当年奥斯卡最佳男主角，丹泽尔·华盛顿也是主演，那时他没现在这么有名。被经常提起的法律电影，一个同性恋律师控告其事务所的“劳动争议”案件。信息丰富。好电影啊，犹记被告方女律师在一次短陈述中连用八个“fact”的排比句，生动非常，尽现律师功力。\t22、代言人：又名“猪的末日”，法国中世纪法律电影，还没有看。\t23、铁律柔情Suspect1987：美国法律援助律师的故事。女导演彼得·耶茨执导的又一部反映美国司法体制的电影。导演在处理这部影片的功力方面十分老到，无论惊吓气氛的酝酿和法庭辩论的波涛起伏都掌握得准确而有效，整个戏剧高潮一气喝成，令人看后非常过瘾。\t24、美国梦：美国工人大罢工的纪录片，算是一个宪法电影罢。\t25、女魔头\tMonster\t2003\t：主演查理兹·塞隆凭此片获得当年奥斯卡影后，一个女连环杀手的电影，真人真事，其纪录片下面会提到。\t26、柏林大审判Judgment\tin\tBerlin1988\t：东德人劫机去西柏林，在西柏林受审，美国法官前往开庭，不同法系的处理，有临时培训陪审员的情节，算是一部国际法电影罢。\t27、一级恐惧Primal\tFear1996：里查·基尔又演律师上见“芝加哥”，爱德华·诺顿的处女作已经尽显高度，本片可以联想到前几年我国着名的“邱兴华案”。\t28、双周情人：估计是和律政俏佳人一样的粉红色的轻喜剧。桑德拉·布洛克演一律师，休·格兰特演其雇主。\t29、法网终结者True\tBeliever1989：一个贬毒罪律师越业务范围辩护一个杀人案瞧人家这分工，已细到这个程度，常有很幽默的对话与场景。\t30、童子也是基Scout's\tHonor2001：美国同性恋者争取公民权利的真人真事纪录片。\t31、变线人生\tChanging\tLanes\t2002：两个人因小事升级成大事，互相斗气。其中一人是年青律师。\t32、热泪伤痕Dolores\tClaiborne1995：史蒂芬·金小说改编的作品，多年前的一场凶杀案的审理。这是史蒂芬·金小说改编的电影中最被忽视的一部。\t33、史蒂夫：美国青少年管教的纪录片。\t34、刑法第三十九条Keiho1999：日本法律电影，1997年，神户一13岁中学生砍掉9岁男童头颅，因刑法39条而免刑，引起争议，真相浮现。\t35、重回清白：关于贩卖淫秽物品罪的电影，主要是讲一个冤罪的纠正。\t36、完美丈夫The\tPerfect\tHusband:\tThe\tLaci\tPeterson\tStory2004：又名“与杀手共枕”，婚内杀人案。\t37、失控的陪审团Runaway\tJury2003：讲美国陪审团的故事，改编自约翰·格里森姆的同名法律小说，情节跌宕起伏，有达斯汀·霍夫曼和吉恩·哈克曼两大老戏骨的精彩对手戏。\t38、杀死一只知更鸟To\tKill\ta\tMockingbird1962：格里高利·派克主演的经典法律电影。\t39、细细的蓝线the\tthin\tblue\tline1988：这宗案件发生在1976年美国德州达拉斯市，一名公路警察被车子撞死，警方苦无破案线索。16岁少年惯犯大卫指证并无犯罪前科的路人蓝道为嫌疑犯，以至蓝道被判有罪而终身监禁。导演埃罗尔·莫里斯采用一种重现事实的半纪录片手法来追踪一件杀警冤案，结果成功地发掘出事件真相。让被冤枉的疑凶坐牢十一年之后讨回清白。\t40、被告The\tAccused1988：朱迪·福斯特凭此片第一次获得奥斯卡影后，在影片中她饰演的被强奸的妇女入木三分。\t41、黑暗中的哭泣\tA\tCry\tin\tThe\tDark\t1988：改编自邪恶天使一书，系真实事件。影片采用纪录片风格，冷静客观，梅丽尔·斯特里普塑造的人物形象极具层次感。\t42、我要活I\tWant\tto\tlive1958：影片讲述了早年丧偶的中年律师艾杰曼娶了年轻的女孩安妮为妻，虽然艾杰曼深爱着妻子，但婚后过着有名无实的夫妻生活，安妮其实是和艾杰曼的儿子相爱的。而成为名演员的艾杰曼的旧情人迪塞利则一爵。为了清理这些复杂的情感关系，重新夺回心上人，迪塞利利用一次宴会，进行设计了一个方案，想令有情人终成眷属，可是却令她自己进了监狱。\t43、风的传人Inherit\tthe\twind1960：本片改编自真人真事。一名乡下老师在1925年遭警方拘捕，因为他违反了当时的法律禁令，在课堂上公开讲授达尔文的“进化论\"。此事在平静的南方小镇此起轰动，两位顶尖的律师各据一方代表正反两面互相抗辩，等于人类直接向上帝的权威挑战。\t44、纽伦堡审判Judgement\tat\tNuremberg\t1961：这部电影是社会派制作人斯坦利·克雷默根据赫鲁特审判长的回忆录拍摄的，先前有一个相同题材的电视剧。影片的主题：当整个社会实施暴行时，个人负有什么责任。影片除了题材突出，演技也无可挑剔，两位女星更是精彩绝伦。\t45、英伦小霸王let\thim\thave\tit\t1991：50年代的英伦，头脑不好的德瑞克和一群小流氓混上了。领着他们的是一个名叫克里斯并迷恋美国黑帮电影的青年。克里斯和德瑞克的友情使得他们卷入了一件将永远地动摇英国死刑信念的真实案件……\t46、良相佐国A\tman\tfor\tall\tseasons1966：本片改编自罗伯特·鲍特的舞台剧本，获得第39届奥斯卡最佳影片等六个奖项。影片跟桂河大桥一样，赞颂了英国式的信念，或称表现了英国式的偏执。男主角斯科菲尔德的表演光彩照人，其他演员也相当精彩。1988年的重拍版阵容更强，由查尔顿·海斯顿主演。对英国历史或英国国民性感兴趣者，本片很有价值。\t47、洋葱田the\tonion\tfeild1979：又名“田园劫”，美国电影。\t48、豪门孽债reversal\tof\tfortune1990：本片讲述一位富豪被控谋杀妻子，一切证据都对他十分不利，陪审团认为罪名成立，将被判刑。他不服上诉，并延请一位法律教授出庭辨护，法律教授通过严密的调查分折，将一审有罪的判决推翻。尽管谋杀的可能性依然存在，但再无指控的法律根据。\t49、雷灵顿10号10\trillington\tplace1971：主人翁约翰·克利斯提是一名外貌和善的秃头中年汉，谁也想不到他是冷酷无情的连续杀人犯。伊凡因谋杀妻子及尚在襁褓中的女儿而遭起诉，最后被处以极刑，但真正的凶手却是在法庭上担任头号证人的克利斯提。十年后，警方在克利斯提的住处赫然发现多具女性尸体，才揭发了他的滔天罪行。\t50、天使的愤怒\tRage\tof\tAngels\t1983\t：美国电视电影。\t51、以父之名In\tthe\tName\tof\tthe\tFather1993：丹尼尔·戴·刘易斯主演。“影片的故事来源于格里·康伦感人至深的回忆录证明无罪，讲述的是上世纪70年代，一位北爱尔兰青年因莫须有的罪名遭到英国警察当局的逮捕。警方利用逼供的方式逼迫他写下了认罪书，于一年后被判处终身监禁。格里的父亲更是受到无端牵连，最后含冤屈死在狱中。直到八十年代，在女律师皮尔斯的帮助下，格里才重获自由……导演：吉姆·谢里登，主演：艾利森·克劳斯比、菲利普·金、埃玛·汤普森、丹尼尔·戴-刘易斯，获奖：1994年柏林国际电影节金熊奖，1993年波士顿影评人协会奖最佳男主角，1995年英国晚间标准电影奖最佳电影。\t52、一个连环女杀手的生与死Aileen\tLife\tand\tDeath\tof\ta\tSerial\tKiller\t2003\t：即上面提到的女魔头Monster一片故事的原型的纪录片。\t53、大话王Liar\tLiar1997：吉姆·凯利拍的嘲笑律师的喜剧电影。\t54、黑罪风云”The\tHurricane”\t1999：又名“飓风”。丹泽尔·华盛顿主演。真人真事改编，拳王冤狱入罪，不断上诉、申诉的故事。\t55、马丁·格尔归来Le\tRetour\tde\tMartin\tGuerre1982\t：法国电影，杰拉尔·德帕迪约主演。美国翻拍版本叫似是故人来，由朱迪·福斯特和理查·基尔主演，其中有中世纪法庭开庭情形。\t56、法外情：香港电影，刘德华主演。与那个印度电影人世间相似。\t57、终极证人The\tClient1994：苏珊·萨兰登主演。改编自约翰·格里森姆的同名法律小说，故事讲了一个女律师义务帮助小孩子逃避黑帮追杀。\t58、杀戮时刻A\tTime\tto\tKill1996：导演同为终极证人的导演乔·舒马赫。影片描述了律师为一名因愤怒而在法院杀人的父亲辩护的故事。改编自约翰·格里森姆的同名法律小说。\t59、塘鹅暗杀令The\tPelican\tBrief1993：改编自约翰·格里森姆的同名法律小说，茱莉亚·罗伯兹与丹泽尔·华盛顿主演。环保诉讼后面的大阴谋。\t60、辛普森的梦之队：纪录片，里面纪录了辛案被告律师团的律师背景与履历，其中包括最好的辩护的作者哈佛教授德肖维茨。观众能从中看到真实生活中的美国顶尖律师的风采。\t61、律师事务所\tthe\tfirm\t1993：又名“黑色豪门企业”。改编自约翰·格里森姆的同名法律小说，汤姆·克鲁斯主演，讲了一个刚从大学毕业的律师进入一家黑色豪门企业，发现高层的阴谋与之搏斗的故事。\t62、华尔街\twall\tstreet\t1987：奥利弗·斯通执导，迈克尔·道格拉斯凭借此片获得当年奥斯卡影帝。讲了华尔街一个大资本家奉行“贪婪是美德”直到没落的故事。从当下来看，也具有相当强烈的现实意义。\t63、造雨人\tthe\trainmaker\t1997：改编自约翰·格里森姆的同名法律小说，大导演弗朗西斯·福特·科波拉执导，马特·达蒙主演，又是一部描述法学院毕业的学生闯荡律师界的故事。\t64、肖申克的救赎\tThe\tShawshank\tRedemption\t1994:史蒂芬·金同名小说改编，太过出名，不予介绍。\t65、迷色布局The\tGingerbread\tMan\t1998：根据约翰·格里森姆又一部律师小说改编。律师认识神秘女子，陷入麻烦之中。“群戏”大师罗伯特·奥尔特曼执导。\t66、角色Karakter\t1997：奥斯卡外语片奖，荷兰电影。节奏如同一部歌剧，酣畅淋漓。最令人印象深刻的是作为法院执行法官的父亲，仿佛是法律冷酷一面的人格化身，对法律执行工作忠实到烈士的级别，虽千万人而往矣，佩服啊。本片故事精彩、结构恢宏，好电影啊。\t67、一级谋杀Murder\tin\tthe\tFirst1995：刚入行的年青律师坚持信念，与强大的国家机器对抗，勇且有谋，维护人权。建议我国律协不如免去如皇帝新衣似的新律师入行宣誓活动，多搞些这样的电影放放，学学人家的法律信仰精神啊。\t68、义海雄风A\tFew\tGood\tMen\t1992：又名好人廖廖，据约翰·格里森姆又一部律师小说改编，美国军事法庭故事。汤姆·克鲁斯，黛米·摩尔，杰克·尼克尔森主演。\t69、魔鬼代言人The\tDevil's\tAdvocate\t1997：阿尔·帕西诺和基诺·里维斯主演，探讨律师的原罪，有相当的深度。\t70、史密斯先生去华盛顿Mr.\tSmith\tGoes\tto\tWashington\t1939\t：确实挺好看，如果要讲议会的制度、民主与新闻等等比较“大”的法律问题，真是一部很可示例的片子。\t71、律政俏佳人\tLegally\tBlonde\t2001：和大话王类似，以法律为包装的喜剧电影，是法律电影的一个分支。\t72、马背上的法庭\t2006：中国主旋律法律电影。一个很简单的故事，一种很朴素的拍摄手法，“又像纪录片，又像故事片。”征服了威尼斯电影节也征服了国内电影局，全凭真心。\t73、东京审判\t2006：中国法律影片，高群书导演。\t74、十二怒汉1957:西德尼·鲁迈特导演的第一部作品，个人认为在法律电影中排名第一，在imdb的排名也相当靠前。2007年俄罗斯导演米哈尔科夫翻拍了这部经典，重拍版亦获得很多的好评。\t75、朗读者战后审判一名德国女战犯。有关于自然法和实然法的思考。", 
  "time": "2014-06-20 20:15:57", 
  "title": "锻炼思维的75部优秀电影推荐.(你看过几部?)", 
  "type": "synthetic_review"
 }
]